#
# There is insufficient memory for the Java Runtime Environment to continue.
# Native memory allocation (malloc) failed to allocate 1330096 bytes for Chunk::new
# Possible reasons:
#   The system is out of physical RAM or swap space
#   The process is running with CompressedOops enabled, and the Java Heap may be blocking the growth of the native heap
# Possible solutions:
#   Reduce memory load on the system
#   Increase physical memory or swap space
#   Check if swap backing store is full
#   Decrease Java heap size (-Xmx/-Xms)
#   Decrease number of Java threads
#   Decrease Java thread stack sizes (-Xss)
#   Set larger code cache with -XX:ReservedCodeCacheSize=
#   JVM is running with Unscaled Compressed Oops mode in which the Java heap is
#     placed in the first 4GB address space. The Java Heap base address is the
#     maximum limit for the native heap growth. Please use -XX:HeapBaseMinAddress
#     to set the Java Heap base and to place the Java Heap above 4GB virtual address.
# This output file may be truncated or incomplete.
#
#  Out of Memory Error (arena.cpp:189), pid=15932, tid=16496
#
# JRE version: Java(TM) SE Runtime Environment (17.0.12+8) (build 17.0.12+8-LTS-286)
# Java VM: Java HotSpot(TM) 64-Bit Server VM (17.0.12+8-LTS-286, mixed mode, sharing, tiered, compressed oops, compressed class ptrs, g1 gc, windows-amd64)
# No core dump will be written. Minidumps are not enabled by default on client versions of Windows
#

---------------  S U M M A R Y ------------

Command Line: --add-opens=java.base/java.lang=ALL-UNNAMED --add-opens=java.base/java.lang.invoke=ALL-UNNAMED --add-opens=java.base/java.util=ALL-UNNAMED --add-opens=java.prefs/java.util.prefs=ALL-UNNAMED --add-exports=jdk.compiler/com.sun.tools.javac.api=ALL-UNNAMED --add-exports=jdk.compiler/com.sun.tools.javac.util=ALL-UNNAMED --add-opens=java.base/java.util=ALL-UNNAMED --add-opens=java.prefs/java.util.prefs=ALL-UNNAMED --add-opens=java.base/java.nio.charset=ALL-UNNAMED --add-opens=java.base/java.net=ALL-UNNAMED --add-opens=java.base/java.util.concurrent.atomic=ALL-UNNAMED --add-opens=java.xml/javax.xml.namespace=ALL-UNNAMED -XX:MaxMetaspaceSize=512m -Xmx2048m -Dfile.encoding=windows-1251 -Duser.country=RU -Duser.language=ru -Duser.variant -javaagent:C:\Users\admin\.gradle\wrapper\dists\gradle-8.14.1-bin\baw1sv0jfoi8rxs14qo3h49cs\gradle-8.14.1\lib\agents\gradle-instrumentation-agent-8.14.1.jar org.gradle.launcher.daemon.bootstrap.GradleDaemon 8.14.1

Host: AMD Ryzen 5 4500U with Radeon Graphics         , 6 cores, 11G,  Windows 11 , 64 bit Build 26100 (10.0.26100.4768)
Time: Wed Aug 27 18:58:01 2025  Windows 11 , 64 bit Build 26100 (10.0.26100.4768) elapsed time: 9944.480552 seconds (0d 2h 45m 44s)

---------------  T H R E A D  ---------------

Current thread (0x0000024fc2b0d090):  JavaThread "C2 CompilerThread1" daemon [_thread_in_native, id=16496, stack(0x000000f162600000,0x000000f162700000)]


Current CompileTask:
C2:9944480 27438       4       org.gradle.api.internal.artifacts.ivyservice.ivyresolve.CachingModuleComponentRepository$LocateInCacheRepositoryAccess::getProcessedMetadata (66 bytes)

Stack: [0x000000f162600000,0x000000f162700000]
Native frames: (J=compiled Java code, j=interpreted, Vv=VM code, C=native code)
V  [jvm.dll+0x67a04a]
V  [jvm.dll+0x7da4ed]
V  [jvm.dll+0x7dbe33]
V  [jvm.dll+0x7dc4a3]
V  [jvm.dll+0x24508f]
V  [jvm.dll+0xab773]
V  [jvm.dll+0xabd3c]
V  [jvm.dll+0x2aa52f]
V  [jvm.dll+0x581eb9]
V  [jvm.dll+0x21f422]
V  [jvm.dll+0x21837b]
V  [jvm.dll+0x215b65]
V  [jvm.dll+0x1a2960]
V  [jvm.dll+0x22610b]
V  [jvm.dll+0x2242ab]
V  [jvm.dll+0x79075c]
V  [jvm.dll+0x78abea]
V  [jvm.dll+0x678f35]
C  [ucrtbase.dll+0x37b0]
C  [KERNEL32.DLL+0x2e8d7]
C  [ntdll.dll+0x3c34c]


---------------  P R O C E S S  ---------------

Threads class SMR info:
_java_thread_list=0x0000024fc66cae30, length=105, elements={
0x0000024f805c9030, 0x0000024fa01667f0, 0x0000024fa01672c0, 0x0000024fa017ad60,
0x0000024fa017da40, 0x0000024fa0180320, 0x0000024fa02f0090, 0x0000024fa0180bf0,
0x0000024fa0181500, 0x0000024fa018a430, 0x0000024fa0151080, 0x0000024fa04d6d60,
0x0000024fc06113d0, 0x0000024fc0dc5140, 0x0000024fc12a2bc0, 0x0000024fc11ac750,
0x0000024fc15314f0, 0x0000024fc152f180, 0x0000024fc15305c0, 0x0000024fc1531f10,
0x0000024fc1530fe0, 0x0000024fc152ec70, 0x0000024fa0752240, 0x0000024fc462b060,
0x0000024fc462ab50, 0x0000024fc462c9b0, 0x0000024fc462cec0, 0x0000024fc4629710,
0x0000024fc1531a00, 0x0000024fc1532420, 0x0000024fc152f690, 0x0000024fc1533350,
0x0000024fc152fba0, 0x0000024fc15356c0, 0x0000024fc15360e0, 0x0000024fc1533d70,
0x0000024fc1534280, 0x0000024fc1534ca0, 0x0000024fc15351b0, 0x0000024fc1535bd0,
0x0000024fc2bfee80, 0x0000024fc2c02b40, 0x0000024fc2bff390, 0x0000024fc2bffdb0,
0x0000024fc2c02120, 0x0000024fc2c002c0, 0x0000024fc2bff8a0, 0x0000024fc2c01c10,
0x0000024fc2c01700, 0x0000024fc2c00ce0, 0x0000024fc2c03050, 0x0000024fc2c03560,
0x0000024fc2c03a70, 0x0000024fc2c03f80, 0x0000024fc2c007d0, 0x0000024fc2c04490,
0x0000024fc2c06800, 0x0000024fc2c04eb0, 0x0000024fc2c049a0, 0x0000024fc2c053c0,
0x0000024fc2c058d0, 0x0000024fc2c05de0, 0x0000024fc2c062f0, 0x0000024fc3bcc830,
0x0000024fc3bc9590, 0x0000024fc3bcaee0, 0x0000024fc3bcb900, 0x0000024fc3bc9080,
0x0000024fc3bcd250, 0x0000024fc3bc9fb0, 0x0000024fc3bcc320, 0x0000024fc3bc9aa0,
0x0000024fc3bca4c0, 0x0000024fc3bcd760, 0x0000024fc3bcdc70, 0x0000024fc3bce180,
0x0000024fc3bcbe10, 0x0000024fc3bccd40, 0x0000024fc3bce690, 0x0000024fc3bceba0,
0x0000024fc3bcb3f0, 0x0000024fc3bd0a00, 0x0000024fc3bcf0b0, 0x0000024fc3bcf5c0,
0x0000024fc3bcfad0, 0x0000024fc3bcffe0, 0x0000024fa074efa0, 0x0000024fa074d650,
0x0000024fa074c720, 0x0000024fc2b0d090, 0x0000024fa074f9c0, 0x0000024fa074e070,
0x0000024fa074db60, 0x0000024fa074ea90, 0x0000024fa074e580, 0x0000024fa07503e0,
0x0000024fa074cc30, 0x0000024fa0751d30, 0x0000024fa0753680, 0x0000024fa0753b90,
0x0000024fa07508f0, 0x0000024fa0750e00, 0x0000024fa0751310, 0x0000024fa0752c60,
0x0000024fc2b8ec00
}

Java Threads: ( => current thread )
  0x0000024f805c9030 JavaThread "main" [_thread_blocked, id=21332, stack(0x000000f15c600000,0x000000f15c700000)]
  0x0000024fa01667f0 JavaThread "Reference Handler" daemon [_thread_blocked, id=21032, stack(0x000000f15cd00000,0x000000f15ce00000)]
  0x0000024fa01672c0 JavaThread "Finalizer" daemon [_thread_blocked, id=21024, stack(0x000000f15ce00000,0x000000f15cf00000)]
  0x0000024fa017ad60 JavaThread "Signal Dispatcher" daemon [_thread_blocked, id=21036, stack(0x000000f15cf00000,0x000000f15d000000)]
  0x0000024fa017da40 JavaThread "Attach Listener" daemon [_thread_blocked, id=1340, stack(0x000000f15d000000,0x000000f15d100000)]
  0x0000024fa0180320 JavaThread "Service Thread" daemon [_thread_blocked, id=7048, stack(0x000000f15d100000,0x000000f15d200000)]
  0x0000024fa02f0090 JavaThread "Monitor Deflation Thread" daemon [_thread_blocked, id=1820, stack(0x000000f15d200000,0x000000f15d300000)]
  0x0000024fa0180bf0 JavaThread "C2 CompilerThread0" daemon [_thread_in_native, id=21800, stack(0x000000f15d300000,0x000000f15d400000)]
  0x0000024fa0181500 JavaThread "C1 CompilerThread0" daemon [_thread_in_vm, id=20600, stack(0x000000f15d400000,0x000000f15d500000)]
  0x0000024fa018a430 JavaThread "Sweeper thread" daemon [_thread_blocked, id=20596, stack(0x000000f15d500000,0x000000f15d600000)]
  0x0000024fa0151080 JavaThread "Common-Cleaner" daemon [_thread_blocked, id=20996, stack(0x000000f15d600000,0x000000f15d700000)]
  0x0000024fa04d6d60 JavaThread "Notification Thread" daemon [_thread_blocked, id=21028, stack(0x000000f15d700000,0x000000f15d800000)]
  0x0000024fc06113d0 JavaThread "Daemon health stats" [_thread_blocked, id=20184, stack(0x000000f15df00000,0x000000f15e000000)]
  0x0000024fc0dc5140 JavaThread "Incoming local TCP Connector on port 55187" [_thread_in_native, id=19712, stack(0x000000f15d900000,0x000000f15da00000)]
  0x0000024fc12a2bc0 JavaThread "Daemon periodic checks" [_thread_blocked, id=21352, stack(0x000000f15e000000,0x000000f15e100000)]
  0x0000024fc11ac750 JavaThread "Cache worker for journal cache (C:\Users\admin\.gradle\caches\journal-1)" [_thread_blocked, id=22700, stack(0x000000f15e100000,0x000000f15e200000)]
  0x0000024fc15314f0 JavaThread "File lock request listener" [_thread_in_native, id=22704, stack(0x000000f15ea00000,0x000000f15eb00000)]
  0x0000024fc152f180 JavaThread "Cache worker for file hash cache (C:\Users\admin\.gradle\caches\8.14.1\fileHashes)" [_thread_blocked, id=22708, stack(0x000000f15eb00000,0x000000f15ec00000)]
  0x0000024fc15305c0 JavaThread "File watcher server" daemon [_thread_in_native, id=22912, stack(0x000000f15f100000,0x000000f15f200000)]
  0x0000024fc1531f10 JavaThread "File watcher consumer" daemon [_thread_blocked, id=22916, stack(0x000000f15f200000,0x000000f15f300000)]
  0x0000024fc1530fe0 JavaThread "jar transforms" [_thread_blocked, id=23024, stack(0x000000f15f300000,0x000000f15f400000)]
  0x0000024fc152ec70 JavaThread "Cache worker for file content cache (C:\Users\admin\.gradle\caches\8.14.1\fileContent)" [_thread_blocked, id=23128, stack(0x000000f15f500000,0x000000f15f600000)]
  0x0000024fa0752240 JavaThread "Memory manager" [_thread_blocked, id=23444, stack(0x000000f161000000,0x000000f161100000)]
  0x0000024fc462b060 JavaThread "jar transforms Thread 2" [_thread_blocked, id=14180, stack(0x000000f164400000,0x000000f164500000)]
  0x0000024fc462ab50 JavaThread "jar transforms Thread 3" [_thread_blocked, id=2256, stack(0x000000f164500000,0x000000f164600000)]
  0x0000024fc462c9b0 JavaThread "jar transforms Thread 4" [_thread_blocked, id=2060, stack(0x000000f164900000,0x000000f164a00000)]
  0x0000024fc462cec0 JavaThread "jar transforms Thread 5" [_thread_blocked, id=2680, stack(0x000000f164a00000,0x000000f164b00000)]
  0x0000024fc4629710 JavaThread "jar transforms Thread 6" [_thread_blocked, id=2892, stack(0x000000f164b00000,0x000000f164c00000)]
  0x0000024fc1531a00 JavaThread "Daemon Thread 5" [_thread_blocked, id=6980, stack(0x000000f15c400000,0x000000f15c500000)]
  0x0000024fc1532420 JavaThread "Handler for socket connection from /127.0.0.1:55187 to /127.0.0.1:55165" [_thread_in_native, id=18748, stack(0x000000f15c500000,0x000000f15c600000)]
  0x0000024fc152f690 JavaThread "Cancel handler" [_thread_blocked, id=13800, stack(0x000000f15e200000,0x000000f15e300000)]
  0x0000024fc1533350 JavaThread "Daemon worker Thread 5" [_thread_in_Java, id=19380, stack(0x000000f15e300000,0x000000f15e400000)]
  0x0000024fc152fba0 JavaThread "Asynchronous log dispatcher for DefaultDaemonConnection: socket connection from /127.0.0.1:55187 to /127.0.0.1:55165" [_thread_blocked, id=19376, stack(0x000000f15e400000,0x000000f15e500000)]
  0x0000024fc15356c0 JavaThread "Stdin handler" [_thread_blocked, id=13832, stack(0x000000f15e500000,0x000000f15e600000)]
  0x0000024fc15360e0 JavaThread "Daemon client event forwarder" [_thread_blocked, id=19144, stack(0x000000f15e600000,0x000000f15e700000)]
  0x0000024fc1533d70 JavaThread "Cache worker for file hash cache (C:\Users\admin\Desktop\DeliveryApp\android\.gradle\8.14.1\fileHashes)" [_thread_blocked, id=19344, stack(0x000000f15e700000,0x000000f15e800000)]
  0x0000024fc1534280 JavaThread "Cache worker for Build Output Cleanup Cache (C:\Users\admin\Desktop\DeliveryApp\android\.gradle\buildOutputCleanup)" [_thread_blocked, id=19132, stack(0x000000f15e800000,0x000000f15e900000)]
  0x0000024fc1534ca0 JavaThread "Cache worker for checksums cache (C:\Users\admin\Desktop\DeliveryApp\android\.gradle\8.14.1\checksums)" [_thread_blocked, id=19532, stack(0x000000f15e900000,0x000000f15ea00000)]
  0x0000024fc15351b0 JavaThread "Cache worker for cache directory md-supplier (C:\Users\admin\.gradle\caches\8.14.1\md-supplier)" [_thread_blocked, id=18760, stack(0x000000f15ed00000,0x000000f15ee00000)]
  0x0000024fc1535bd0 JavaThread "Cache worker for cache directory md-rule (C:\Users\admin\.gradle\caches\8.14.1\md-rule)" [_thread_blocked, id=19232, stack(0x000000f15ee00000,0x000000f15ef00000)]
  0x0000024fc2bfee80 JavaThread "Cache worker for Build Output Cleanup Cache (C:\Users\admin\Desktop\DeliveryApp\node_modules\@react-native\gradle-plugin\.gradle\buildOutputCleanup)" [_thread_blocked, id=8132, stack(0x000000f15ef00000,0x000000f15f000000)]
  0x0000024fc2c02b40 JavaThread "Unconstrained build operations" [_thread_blocked, id=22592, stack(0x000000f15f400000,0x000000f15f500000)]
  0x0000024fc2bff390 JavaThread "Unconstrained build operations Thread 2" [_thread_blocked, id=19252, stack(0x000000f15f600000,0x000000f15f700000)]
  0x0000024fc2bffdb0 JavaThread "Unconstrained build operations Thread 3" [_thread_blocked, id=21888, stack(0x000000f15f700000,0x000000f15f800000)]
  0x0000024fc2c02120 JavaThread "Unconstrained build operations Thread 4" [_thread_blocked, id=19952, stack(0x000000f15f800000,0x000000f15f900000)]
  0x0000024fc2c002c0 JavaThread "Unconstrained build operations Thread 5" [_thread_blocked, id=7220, stack(0x000000f15f900000,0x000000f15fa00000)]
  0x0000024fc2bff8a0 JavaThread "Unconstrained build operations Thread 6" [_thread_blocked, id=12752, stack(0x000000f15fa00000,0x000000f15fb00000)]
  0x0000024fc2c01c10 JavaThread "Unconstrained build operations Thread 7" [_thread_blocked, id=14808, stack(0x000000f15fb00000,0x000000f15fc00000)]
  0x0000024fc2c01700 JavaThread "Unconstrained build operations Thread 8" [_thread_blocked, id=18456, stack(0x000000f15fc00000,0x000000f15fd00000)]
  0x0000024fc2c00ce0 JavaThread "Unconstrained build operations Thread 9" [_thread_blocked, id=21308, stack(0x000000f15fd00000,0x000000f15fe00000)]
  0x0000024fc2c03050 JavaThread "Unconstrained build operations Thread 10" [_thread_blocked, id=9888, stack(0x000000f15fe00000,0x000000f15ff00000)]
  0x0000024fc2c03560 JavaThread "Unconstrained build operations Thread 11" [_thread_blocked, id=4876, stack(0x000000f15ff00000,0x000000f160000000)]
  0x0000024fc2c03a70 JavaThread "Unconstrained build operations Thread 12" [_thread_blocked, id=18492, stack(0x000000f160000000,0x000000f160100000)]
  0x0000024fc2c03f80 JavaThread "Unconstrained build operations Thread 13" [_thread_blocked, id=22008, stack(0x000000f160100000,0x000000f160200000)]
  0x0000024fc2c007d0 JavaThread "Unconstrained build operations Thread 14" [_thread_blocked, id=6924, stack(0x000000f160200000,0x000000f160300000)]
  0x0000024fc2c04490 JavaThread "build event listener" [_thread_blocked, id=23284, stack(0x000000f160300000,0x000000f160400000)]
  0x0000024fc2c06800 JavaThread "ForkJoinPool.commonPool-worker-18" daemon [_thread_blocked, id=18440, stack(0x000000f160400000,0x000000f160500000)]
  0x0000024fc2c04eb0 JavaThread "ForkJoinPool.commonPool-worker-19" daemon [_thread_blocked, id=8140, stack(0x000000f160500000,0x000000f160600000)]
  0x0000024fc2c049a0 JavaThread "ForkJoinPool.commonPool-worker-20" daemon [_thread_blocked, id=3736, stack(0x000000f160600000,0x000000f160700000)]
  0x0000024fc2c053c0 JavaThread "ForkJoinPool.commonPool-worker-21" daemon [_thread_blocked, id=7976, stack(0x000000f160700000,0x000000f160800000)]
  0x0000024fc2c058d0 JavaThread "ForkJoinPool.commonPool-worker-22" daemon [_thread_blocked, id=7844, stack(0x000000f160800000,0x000000f160900000)]
  0x0000024fc2c05de0 JavaThread "included builds" [_thread_blocked, id=21636, stack(0x000000f160900000,0x000000f160a00000)]
  0x0000024fc2c062f0 JavaThread "Execution worker" [_thread_blocked, id=16748, stack(0x000000f160a00000,0x000000f160b00000)]
  0x0000024fc3bcc830 JavaThread "Execution worker Thread 2" [_thread_blocked, id=11060, stack(0x000000f160b00000,0x000000f160c00000)]
  0x0000024fc3bc9590 JavaThread "Execution worker Thread 3" [_thread_blocked, id=22720, stack(0x000000f160c00000,0x000000f160d00000)]
  0x0000024fc3bcaee0 JavaThread "Execution worker Thread 4" [_thread_blocked, id=1132, stack(0x000000f160d00000,0x000000f160e00000)]
  0x0000024fc3bcb900 JavaThread "Execution worker Thread 5" [_thread_blocked, id=11928, stack(0x000000f160e00000,0x000000f160f00000)]
  0x0000024fc3bc9080 JavaThread "Cache worker for execution history cache (C:\Users\admin\Desktop\DeliveryApp\node_modules\@react-native\gradle-plugin\.gradle\8.14.1\executionHistory)" [_thread_blocked, id=14012, stack(0x000000f160f00000,0x000000f161000000)]
  0x0000024fc3bcd250 JavaThread "Unconstrained build operations Thread 15" [_thread_blocked, id=22224, stack(0x000000f161100000,0x000000f161200000)]
  0x0000024fc3bc9fb0 JavaThread "Unconstrained build operations Thread 16" [_thread_blocked, id=10868, stack(0x000000f161200000,0x000000f161300000)]
  0x0000024fc3bcc320 JavaThread "Unconstrained build operations Thread 17" [_thread_blocked, id=23480, stack(0x000000f161300000,0x000000f161400000)]
  0x0000024fc3bc9aa0 JavaThread "Unconstrained build operations Thread 18" [_thread_blocked, id=7120, stack(0x000000f161400000,0x000000f161500000)]
  0x0000024fc3bca4c0 JavaThread "Unconstrained build operations Thread 19" [_thread_blocked, id=13360, stack(0x000000f161500000,0x000000f161600000)]
  0x0000024fc3bcd760 JavaThread "Unconstrained build operations Thread 20" [_thread_blocked, id=16744, stack(0x000000f161600000,0x000000f161700000)]
  0x0000024fc3bcdc70 JavaThread "Unconstrained build operations Thread 21" [_thread_blocked, id=8892, stack(0x000000f161700000,0x000000f161800000)]
  0x0000024fc3bce180 JavaThread "Unconstrained build operations Thread 22" [_thread_blocked, id=15080, stack(0x000000f161800000,0x000000f161900000)]
  0x0000024fc3bcbe10 JavaThread "Unconstrained build operations Thread 23" [_thread_blocked, id=10716, stack(0x000000f161900000,0x000000f161a00000)]
  0x0000024fc3bccd40 JavaThread "Unconstrained build operations Thread 24" [_thread_blocked, id=23308, stack(0x000000f161a00000,0x000000f161b00000)]
  0x0000024fc3bce690 JavaThread "Unconstrained build operations Thread 25" [_thread_blocked, id=5272, stack(0x000000f161b00000,0x000000f161c00000)]
  0x0000024fc3bceba0 JavaThread "Unconstrained build operations Thread 26" [_thread_blocked, id=5296, stack(0x000000f161c00000,0x000000f161d00000)]
  0x0000024fc3bcb3f0 JavaThread "Unconstrained build operations Thread 27" [_thread_blocked, id=21656, stack(0x000000f161d00000,0x000000f161e00000)]
  0x0000024fc3bd0a00 JavaThread "Unconstrained build operations Thread 28" [_thread_blocked, id=22400, stack(0x000000f161e00000,0x000000f161f00000)]
  0x0000024fc3bcf0b0 JavaThread "Unconstrained build operations Thread 29" [_thread_blocked, id=5040, stack(0x000000f161f00000,0x000000f162000000)]
  0x0000024fc3bcf5c0 JavaThread "Unconstrained build operations Thread 30" [_thread_blocked, id=23508, stack(0x000000f162000000,0x000000f162100000)]
  0x0000024fc3bcfad0 JavaThread "Unconstrained build operations Thread 31" [_thread_blocked, id=6120, stack(0x000000f162100000,0x000000f162200000)]
  0x0000024fc3bcffe0 JavaThread "Unconstrained build operations Thread 32" [_thread_blocked, id=23084, stack(0x000000f162200000,0x000000f162300000)]
  0x0000024fa074efa0 JavaThread "Unconstrained build operations Thread 33" [_thread_blocked, id=1912, stack(0x000000f162300000,0x000000f162400000)]
  0x0000024fa074d650 JavaThread "Unconstrained build operations Thread 34" [_thread_blocked, id=11856, stack(0x000000f162400000,0x000000f162500000)]
  0x0000024fa074c720 JavaThread "Unconstrained build operations Thread 35" [_thread_blocked, id=15792, stack(0x000000f162500000,0x000000f162600000)]
=>0x0000024fc2b0d090 JavaThread "C2 CompilerThread1" daemon [_thread_in_native, id=16496, stack(0x000000f162600000,0x000000f162700000)]
  0x0000024fa074f9c0 JavaThread "Unconstrained build operations Thread 36" [_thread_blocked, id=10504, stack(0x000000f162700000,0x000000f162800000)]
  0x0000024fa074e070 JavaThread "Unconstrained build operations Thread 37" [_thread_blocked, id=17860, stack(0x000000f162800000,0x000000f162900000)]
  0x0000024fa074db60 JavaThread "Unconstrained build operations Thread 38" [_thread_blocked, id=22232, stack(0x000000f162900000,0x000000f162a00000)]
  0x0000024fa074ea90 JavaThread "Unconstrained build operations Thread 39" [_thread_blocked, id=14452, stack(0x000000f162a00000,0x000000f162b00000)]
  0x0000024fa074e580 JavaThread "Unconstrained build operations Thread 40" [_thread_blocked, id=19648, stack(0x000000f162b00000,0x000000f162c00000)]
  0x0000024fa07503e0 JavaThread "Unconstrained build operations Thread 41" [_thread_blocked, id=5876, stack(0x000000f162c00000,0x000000f162d00000)]
  0x0000024fa074cc30 JavaThread "Unconstrained build operations Thread 42" [_thread_blocked, id=2084, stack(0x000000f162d00000,0x000000f162e00000)]
  0x0000024fa0751d30 JavaThread "Unconstrained build operations Thread 43" [_thread_blocked, id=20668, stack(0x000000f162e00000,0x000000f162f00000)]
  0x0000024fa0753680 JavaThread "Unconstrained build operations Thread 44" [_thread_blocked, id=316, stack(0x000000f162f00000,0x000000f163000000)]
  0x0000024fa0753b90 JavaThread "Unconstrained build operations Thread 45" [_thread_blocked, id=20644, stack(0x000000f163000000,0x000000f163100000)]
  0x0000024fa07508f0 JavaThread "Unconstrained build operations Thread 46" [_thread_new, id=12516, stack(0x0000000000000000,0x0000000000000000)]
  0x0000024fa0750e00 JavaThread "Unconstrained build operations Thread 47" [_thread_new, id=12436, stack(0x0000000000000000,0x0000000000000000)]
  0x0000024fa0751310 JavaThread "Unconstrained build operations Thread 48" [_thread_blocked, id=12492, stack(0x000000f163300000,0x000000f163400000)]
  0x0000024fa0752c60 JavaThread "Unconstrained build operations Thread 49" [_thread_blocked, id=20884, stack(0x000000f163400000,0x000000f163500000)]
  0x0000024fc2b8ec00 JavaThread "Unconstrained build operations Thread 50" [_thread_blocked, id=16032, stack(0x000000f163500000,0x000000f163600000)]

Other Threads:
  0x0000024fa0160290 VMThread "VM Thread" [stack: 0x000000f15cc00000,0x000000f15cd00000] [id=21000]
  0x0000024f805c9dc0 WatcherThread [stack: 0x000000f15d800000,0x000000f15d900000] [id=19868]
  0x0000024f80626650 GCTaskThread "GC Thread#0" [stack: 0x000000f15c700000,0x000000f15c800000] [id=18816]
  0x0000024fa06d3850 GCTaskThread "GC Thread#1" [stack: 0x000000f15da00000,0x000000f15db00000] [id=22308]
  0x0000024fa06d3b10 GCTaskThread "GC Thread#2" [stack: 0x000000f15db00000,0x000000f15dc00000] [id=22292]
  0x0000024fa06d3dd0 GCTaskThread "GC Thread#3" [stack: 0x000000f15dc00000,0x000000f15dd00000] [id=2600]
  0x0000024fa099e420 GCTaskThread "GC Thread#4" [stack: 0x000000f15dd00000,0x000000f15de00000] [id=13208]
  0x0000024fa099e6e0 GCTaskThread "GC Thread#5" [stack: 0x000000f15ec00000,0x000000f15ed00000] [id=22712]
  0x0000024f806374b0 ConcurrentGCThread "G1 Main Marker" [stack: 0x000000f15c800000,0x000000f15c900000] [id=21084]
  0x0000024f80637dd0 ConcurrentGCThread "G1 Conc#0" [stack: 0x000000f15c900000,0x000000f15ca00000] [id=21080]
  0x0000024fc32e6660 ConcurrentGCThread "G1 Conc#1" [stack: 0x000000f15f000000,0x000000f15f100000] [id=22896]
  0x0000024fa001d580 ConcurrentGCThread "G1 Refine#0" [stack: 0x000000f15ca00000,0x000000f15cb00000] [id=21040]
  0x0000024fc05e0470 ConcurrentGCThread "G1 Refine#1" [stack: 0x000000f15de00000,0x000000f15df00000] [id=3284]
  0x0000024fc40377d0 ConcurrentGCThread "G1 Refine#2" [stack: 0x000000f163e00000,0x000000f163f00000] [id=20704]
  0x0000024fcc1db0f0 ConcurrentGCThread "G1 Refine#3" [stack: 0x000000f163f00000,0x000000f164000000] [id=22952]
  0x0000024fa001ec70 ConcurrentGCThread "G1 Service" [stack: 0x000000f15cb00000,0x000000f15cc00000] [id=21044]

Threads with active compile tasks:
C2 CompilerThread0  9944517 27448       4       java.net.URI$Parser::parse (243 bytes)
C2 CompilerThread1  9944517 27438       4       org.gradle.api.internal.artifacts.ivyservice.ivyresolve.CachingModuleComponentRepository$LocateInCacheRepositoryAccess::getProcessedMetadata (66 bytes)

VM state: not at safepoint (normal execution)

VM Mutex/Monitor currently owned by a thread: None

Heap address: 0x0000000080000000, size: 2048 MB, Compressed Oops mode: 32-bit

CDS archive(s) mapped at: [0x0000024fa1000000-0x0000024fa1bd0000-0x0000024fa1bd0000), size 12386304, SharedBaseAddress: 0x0000024fa1000000, ArchiveRelocationMode: 1.
Compressed class space mapped at: 0x0000024fa2000000-0x0000024fbc000000, reserved size: 436207616
Narrow klass base: 0x0000024fa1000000, Narrow klass shift: 0, Narrow klass range: 0x100000000

GC Precious Log:
 CPUs: 6 total, 6 available
 Memory: 11645M
 Large Page Support: Disabled
 NUMA Support: Disabled
 Compressed Oops: Enabled (32-bit)
 Heap Region Size: 1M
 Heap Min Capacity: 8M
 Heap Initial Capacity: 182M
 Heap Max Capacity: 2G
 Pre-touch: Disabled
 Parallel Workers: 6
 Concurrent Workers: 2
 Concurrent Refinement Workers: 6
 Periodic GC: Disabled

Heap:
 garbage-first heap   total 409600K, used 227787K [0x0000000080000000, 0x0000000100000000)
  region size 1024K, 84 young (86016K), 2 survivors (2048K)
 Metaspace       used 139551K, committed 141248K, reserved 557056K
  class space    used 18565K, committed 19392K, reserved 425984K

Heap Regions: E=young(eden), S=young(survivor), O=old, HS=humongous(starts), HC=humongous(continues), CS=collection set, F=free, OA=open archive, CA=closed archive, TAMS=top-at-mark-start (previous, next)
|   0|0x0000000080000000, 0x0000000080100000, 0x0000000080100000|100%|HS|  |TAMS 0x0000000080100000, 0x0000000080000000| Complete 
|   1|0x0000000080100000, 0x0000000080200000, 0x0000000080200000|100%|HC|  |TAMS 0x0000000080200000, 0x0000000080100000| Complete 
|   2|0x0000000080200000, 0x0000000080300000, 0x0000000080300000|100%|HC|  |TAMS 0x0000000080300000, 0x0000000080200000| Complete 
|   3|0x0000000080300000, 0x0000000080400000, 0x0000000080400000|100%| O|  |TAMS 0x0000000080400000, 0x0000000080300000| Untracked 
|   4|0x0000000080400000, 0x0000000080500000, 0x0000000080500000|100%| O|  |TAMS 0x0000000080500000, 0x0000000080400000| Untracked 
|   5|0x0000000080500000, 0x0000000080600000, 0x0000000080600000|100%| O|  |TAMS 0x0000000080600000, 0x0000000080500000| Untracked 
|   6|0x0000000080600000, 0x0000000080700000, 0x0000000080700000|100%|HS|  |TAMS 0x0000000080700000, 0x0000000080600000| Complete 
|   7|0x0000000080700000, 0x0000000080800000, 0x0000000080800000|100%| O|  |TAMS 0x0000000080800000, 0x0000000080700000| Untracked 
|   8|0x0000000080800000, 0x0000000080900000, 0x0000000080900000|100%| O|  |TAMS 0x0000000080900000, 0x0000000080800000| Untracked 
|   9|0x0000000080900000, 0x0000000080a00000, 0x0000000080a00000|100%| O|  |TAMS 0x0000000080a00000, 0x0000000080900000| Untracked 
|  10|0x0000000080a00000, 0x0000000080b00000, 0x0000000080b00000|100%| O|  |TAMS 0x0000000080b00000, 0x0000000080a00000| Untracked 
|  11|0x0000000080b00000, 0x0000000080c00000, 0x0000000080c00000|100%| O|  |TAMS 0x0000000080c00000, 0x0000000080b00000| Untracked 
|  12|0x0000000080c00000, 0x0000000080d00000, 0x0000000080d00000|100%| O|  |TAMS 0x0000000080d00000, 0x0000000080c00000| Untracked 
|  13|0x0000000080d00000, 0x0000000080e00000, 0x0000000080e00000|100%| O|  |TAMS 0x0000000080e00000, 0x0000000080d00000| Untracked 
|  14|0x0000000080e00000, 0x0000000080f00000, 0x0000000080f00000|100%| O|  |TAMS 0x0000000080f00000, 0x0000000080e00000| Untracked 
|  15|0x0000000080f00000, 0x0000000081000000, 0x0000000081000000|100%| O|  |TAMS 0x0000000081000000, 0x0000000080f00000| Untracked 
|  16|0x0000000081000000, 0x0000000081100000, 0x0000000081100000|100%| O|  |TAMS 0x0000000081100000, 0x0000000081000000| Untracked 
|  17|0x0000000081100000, 0x0000000081200000, 0x0000000081200000|100%| O|  |TAMS 0x0000000081200000, 0x0000000081100000| Untracked 
|  18|0x0000000081200000, 0x0000000081300000, 0x0000000081300000|100%| O|  |TAMS 0x0000000081300000, 0x0000000081200000| Untracked 
|  19|0x0000000081300000, 0x00000000813fea00, 0x0000000081400000| 99%| O|  |TAMS 0x00000000813fea00, 0x0000000081300000| Untracked 
|  20|0x0000000081400000, 0x0000000081500000, 0x0000000081500000|100%| O|  |TAMS 0x0000000081500000, 0x0000000081400000| Untracked 
|  21|0x0000000081500000, 0x0000000081600000, 0x0000000081600000|100%| O|  |TAMS 0x0000000081600000, 0x0000000081500000| Untracked 
|  22|0x0000000081600000, 0x0000000081700000, 0x0000000081700000|100%| O|  |TAMS 0x0000000081700000, 0x0000000081600000| Untracked 
|  23|0x0000000081700000, 0x0000000081800000, 0x0000000081800000|100%| O|  |TAMS 0x0000000081800000, 0x0000000081700000| Untracked 
|  24|0x0000000081800000, 0x0000000081900000, 0x0000000081900000|100%| O|  |TAMS 0x0000000081900000, 0x0000000081800000| Untracked 
|  25|0x0000000081900000, 0x0000000081a00000, 0x0000000081a00000|100%| O|  |TAMS 0x0000000081a00000, 0x0000000081900000| Untracked 
|  26|0x0000000081a00000, 0x0000000081b00000, 0x0000000081b00000|100%| O|  |TAMS 0x0000000081b00000, 0x0000000081a00000| Untracked 
|  27|0x0000000081b00000, 0x0000000081c00000, 0x0000000081c00000|100%| O|  |TAMS 0x0000000081c00000, 0x0000000081b00000| Untracked 
|  28|0x0000000081c00000, 0x0000000081d00000, 0x0000000081d00000|100%| O|  |TAMS 0x0000000081d00000, 0x0000000081c00000| Untracked 
|  29|0x0000000081d00000, 0x0000000081e00000, 0x0000000081e00000|100%| O|  |TAMS 0x0000000081e00000, 0x0000000081d00000| Untracked 
|  30|0x0000000081e00000, 0x0000000081f00000, 0x0000000081f00000|100%| O|  |TAMS 0x0000000081f00000, 0x0000000081e00000| Untracked 
|  31|0x0000000081f00000, 0x0000000082000000, 0x0000000082000000|100%| O|  |TAMS 0x0000000082000000, 0x0000000081f00000| Untracked 
|  32|0x0000000082000000, 0x0000000082100000, 0x0000000082100000|100%| O|  |TAMS 0x0000000082100000, 0x0000000082000000| Untracked 
|  33|0x0000000082100000, 0x0000000082200000, 0x0000000082200000|100%| O|  |TAMS 0x0000000082200000, 0x0000000082100000| Untracked 
|  34|0x0000000082200000, 0x0000000082300000, 0x0000000082300000|100%| O|  |TAMS 0x0000000082300000, 0x0000000082200000| Untracked 
|  35|0x0000000082300000, 0x0000000082400000, 0x0000000082400000|100%| O|  |TAMS 0x0000000082400000, 0x0000000082300000| Untracked 
|  36|0x0000000082400000, 0x0000000082500000, 0x0000000082500000|100%| O|  |TAMS 0x0000000082500000, 0x0000000082400000| Untracked 
|  37|0x0000000082500000, 0x0000000082600000, 0x0000000082600000|100%| O|  |TAMS 0x0000000082600000, 0x0000000082500000| Untracked 
|  38|0x0000000082600000, 0x0000000082700000, 0x0000000082700000|100%| O|  |TAMS 0x0000000082700000, 0x0000000082600000| Untracked 
|  39|0x0000000082700000, 0x0000000082800000, 0x0000000082800000|100%| O|  |TAMS 0x0000000082800000, 0x0000000082700000| Untracked 
|  40|0x0000000082800000, 0x0000000082900000, 0x0000000082900000|100%| O|  |TAMS 0x0000000082900000, 0x0000000082800000| Untracked 
|  41|0x0000000082900000, 0x0000000082a00000, 0x0000000082a00000|100%| O|  |TAMS 0x0000000082a00000, 0x0000000082900000| Untracked 
|  42|0x0000000082a00000, 0x0000000082b00000, 0x0000000082b00000|100%| O|  |TAMS 0x0000000082b00000, 0x0000000082a00000| Untracked 
|  43|0x0000000082b00000, 0x0000000082c00000, 0x0000000082c00000|100%| O|  |TAMS 0x0000000082c00000, 0x0000000082b00000| Untracked 
|  44|0x0000000082c00000, 0x0000000082d00000, 0x0000000082d00000|100%| O|  |TAMS 0x0000000082d00000, 0x0000000082c00000| Untracked 
|  45|0x0000000082d00000, 0x0000000082e00000, 0x0000000082e00000|100%|HS|  |TAMS 0x0000000082e00000, 0x0000000082d00000| Complete 
|  46|0x0000000082e00000, 0x0000000082f00000, 0x0000000082f00000|100%|HC|  |TAMS 0x0000000082f00000, 0x0000000082e00000| Complete 
|  47|0x0000000082f00000, 0x0000000083000000, 0x0000000083000000|100%|HC|  |TAMS 0x0000000083000000, 0x0000000082f00000| Complete 
|  48|0x0000000083000000, 0x0000000083100000, 0x0000000083100000|100%| O|  |TAMS 0x0000000083100000, 0x0000000083000000| Untracked 
|  49|0x0000000083100000, 0x0000000083200000, 0x0000000083200000|100%| O|  |TAMS 0x0000000083200000, 0x0000000083100000| Untracked 
|  50|0x0000000083200000, 0x0000000083300000, 0x0000000083300000|100%|HS|  |TAMS 0x0000000083300000, 0x0000000083200000| Complete 
|  51|0x0000000083300000, 0x0000000083400000, 0x0000000083400000|100%|HC|  |TAMS 0x0000000083400000, 0x0000000083300000| Complete 
|  52|0x0000000083400000, 0x0000000083500000, 0x0000000083500000|100%|HC|  |TAMS 0x0000000083500000, 0x0000000083400000| Complete 
|  53|0x0000000083500000, 0x0000000083600000, 0x0000000083600000|100%| O|  |TAMS 0x0000000083600000, 0x0000000083500000| Untracked 
|  54|0x0000000083600000, 0x0000000083700000, 0x0000000083700000|100%| O|  |TAMS 0x0000000083700000, 0x0000000083600000| Untracked 
|  55|0x0000000083700000, 0x0000000083800000, 0x0000000083800000|100%| O|  |TAMS 0x0000000083800000, 0x0000000083700000| Untracked 
|  56|0x0000000083800000, 0x0000000083900000, 0x0000000083900000|100%| O|  |TAMS 0x0000000083900000, 0x0000000083800000| Untracked 
|  57|0x0000000083900000, 0x0000000083a00000, 0x0000000083a00000|100%| O|  |TAMS 0x0000000083a00000, 0x0000000083900000| Untracked 
|  58|0x0000000083a00000, 0x0000000083abce00, 0x0000000083b00000| 73%| O|  |TAMS 0x0000000083a00000, 0x0000000083a00000| Untracked 
|  59|0x0000000083b00000, 0x0000000083c00000, 0x0000000083c00000|100%| O|  |TAMS 0x0000000083c00000, 0x0000000083b00000| Untracked 
|  60|0x0000000083c00000, 0x0000000083d00000, 0x0000000083d00000|100%| O|  |TAMS 0x0000000083d00000, 0x0000000083c00000| Untracked 
|  61|0x0000000083d00000, 0x0000000083e00000, 0x0000000083e00000|100%| O|  |TAMS 0x0000000083e00000, 0x0000000083d00000| Untracked 
|  62|0x0000000083e00000, 0x0000000083f00000, 0x0000000083f00000|100%| O|  |TAMS 0x0000000083f00000, 0x0000000083e00000| Untracked 
|  63|0x0000000083f00000, 0x0000000084000000, 0x0000000084000000|100%| O|  |TAMS 0x0000000084000000, 0x0000000083f00000| Untracked 
|  64|0x0000000084000000, 0x0000000084100000, 0x0000000084100000|100%| O|  |TAMS 0x0000000084100000, 0x0000000084000000| Untracked 
|  65|0x0000000084100000, 0x0000000084200000, 0x0000000084200000|100%| O|  |TAMS 0x0000000084200000, 0x0000000084100000| Untracked 
|  66|0x0000000084200000, 0x0000000084300000, 0x0000000084300000|100%| O|  |TAMS 0x0000000084300000, 0x0000000084200000| Untracked 
|  67|0x0000000084300000, 0x0000000084300000, 0x0000000084400000|  0%| F|  |TAMS 0x0000000084300000, 0x0000000084300000| Untracked 
|  68|0x0000000084400000, 0x0000000084500000, 0x0000000084500000|100%| O|  |TAMS 0x0000000084500000, 0x0000000084400000| Untracked 
|  69|0x0000000084500000, 0x0000000084600000, 0x0000000084600000|100%| O|  |TAMS 0x0000000084600000, 0x0000000084500000| Untracked 
|  70|0x0000000084600000, 0x0000000084700000, 0x0000000084700000|100%| O|  |TAMS 0x0000000084700000, 0x0000000084600000| Untracked 
|  71|0x0000000084700000, 0x0000000084800000, 0x0000000084800000|100%| O|  |TAMS 0x0000000084800000, 0x0000000084700000| Untracked 
|  72|0x0000000084800000, 0x0000000084900000, 0x0000000084900000|100%| O|  |TAMS 0x0000000084900000, 0x0000000084800000| Untracked 
|  73|0x0000000084900000, 0x0000000084a00000, 0x0000000084a00000|100%| O|  |TAMS 0x0000000084a00000, 0x0000000084900000| Untracked 
|  74|0x0000000084a00000, 0x0000000084b00000, 0x0000000084b00000|100%|HS|  |TAMS 0x0000000084b00000, 0x0000000084a00000| Complete 
|  75|0x0000000084b00000, 0x0000000084c00000, 0x0000000084c00000|100%|HS|  |TAMS 0x0000000084c00000, 0x0000000084b00000| Complete 
|  76|0x0000000084c00000, 0x0000000084d00000, 0x0000000084d00000|100%|HS|  |TAMS 0x0000000084d00000, 0x0000000084c00000| Complete 
|  77|0x0000000084d00000, 0x0000000084e00000, 0x0000000084e00000|100%|HS|  |TAMS 0x0000000084e00000, 0x0000000084d00000| Complete 
|  78|0x0000000084e00000, 0x0000000084f00000, 0x0000000084f00000|100%| O|  |TAMS 0x0000000084f00000, 0x0000000084e00000| Untracked 
|  79|0x0000000084f00000, 0x0000000085000000, 0x0000000085000000|100%|HS|  |TAMS 0x0000000085000000, 0x0000000084f00000| Complete 
|  80|0x0000000085000000, 0x0000000085100000, 0x0000000085100000|100%|HS|  |TAMS 0x0000000085100000, 0x0000000085000000| Complete 
|  81|0x0000000085100000, 0x0000000085200000, 0x0000000085200000|100%| O|  |TAMS 0x0000000085200000, 0x0000000085100000| Untracked 
|  82|0x0000000085200000, 0x0000000085300000, 0x0000000085300000|100%| O|  |TAMS 0x0000000085300000, 0x0000000085200000| Untracked 
|  83|0x0000000085300000, 0x0000000085400000, 0x0000000085400000|100%| O|  |TAMS 0x0000000085400000, 0x0000000085300000| Untracked 
|  84|0x0000000085400000, 0x0000000085500000, 0x0000000085500000|100%|HS|  |TAMS 0x0000000085500000, 0x0000000085400000| Complete 
|  85|0x0000000085500000, 0x0000000085600000, 0x0000000085600000|100%|HC|  |TAMS 0x0000000085600000, 0x0000000085500000| Complete 
|  86|0x0000000085600000, 0x0000000085700000, 0x0000000085700000|100%|HC|  |TAMS 0x0000000085700000, 0x0000000085600000| Complete 
|  87|0x0000000085700000, 0x0000000085800000, 0x0000000085800000|100%|HS|  |TAMS 0x0000000085800000, 0x0000000085700000| Complete 
|  88|0x0000000085800000, 0x0000000085900000, 0x0000000085900000|100%| O|  |TAMS 0x0000000085900000, 0x0000000085800000| Untracked 
|  89|0x0000000085900000, 0x0000000085a00000, 0x0000000085a00000|100%| O|  |TAMS 0x0000000085a00000, 0x0000000085900000| Untracked 
|  90|0x0000000085a00000, 0x0000000085b00000, 0x0000000085b00000|100%| O|  |TAMS 0x0000000085b00000, 0x0000000085a00000| Untracked 
|  91|0x0000000085b00000, 0x0000000085c00000, 0x0000000085c00000|100%| O|  |TAMS 0x0000000085c00000, 0x0000000085b00000| Untracked 
|  92|0x0000000085c00000, 0x0000000085d00000, 0x0000000085d00000|100%| O|  |TAMS 0x0000000085d00000, 0x0000000085c00000| Untracked 
|  93|0x0000000085d00000, 0x0000000085e00000, 0x0000000085e00000|100%| O|  |TAMS 0x0000000085e00000, 0x0000000085d00000| Untracked 
|  94|0x0000000085e00000, 0x0000000085e00000, 0x0000000085f00000|  0%| F|  |TAMS 0x0000000085e00000, 0x0000000085e00000| Untracked 
|  95|0x0000000085f00000, 0x0000000086000000, 0x0000000086000000|100%| O|  |TAMS 0x0000000086000000, 0x0000000085f00000| Untracked 
|  96|0x0000000086000000, 0x0000000086100000, 0x0000000086100000|100%| O|  |TAMS 0x0000000086100000, 0x0000000086000000| Untracked 
|  97|0x0000000086100000, 0x0000000086200000, 0x0000000086200000|100%| O|  |TAMS 0x0000000086200000, 0x0000000086100000| Untracked 
|  98|0x0000000086200000, 0x0000000086200000, 0x0000000086300000|  0%| F|  |TAMS 0x0000000086200000, 0x0000000086200000| Untracked 
|  99|0x0000000086300000, 0x0000000086400000, 0x0000000086400000|100%| O|  |TAMS 0x0000000086400000, 0x0000000086300000| Untracked 
| 100|0x0000000086400000, 0x0000000086500000, 0x0000000086500000|100%| O|  |TAMS 0x0000000086500000, 0x0000000086400000| Untracked 
| 101|0x0000000086500000, 0x0000000086600000, 0x0000000086600000|100%| O|  |TAMS 0x0000000086600000, 0x0000000086500000| Untracked 
| 102|0x0000000086600000, 0x0000000086700000, 0x0000000086700000|100%| O|  |TAMS 0x0000000086700000, 0x0000000086600000| Untracked 
| 103|0x0000000086700000, 0x0000000086800000, 0x0000000086800000|100%| O|  |TAMS 0x0000000086800000, 0x0000000086700000| Untracked 
| 104|0x0000000086800000, 0x0000000086900000, 0x0000000086900000|100%| O|  |TAMS 0x0000000086900000, 0x0000000086800000| Untracked 
| 105|0x0000000086900000, 0x0000000086a00000, 0x0000000086a00000|100%| O|  |TAMS 0x0000000086a00000, 0x0000000086900000| Untracked 
| 106|0x0000000086a00000, 0x0000000086b00000, 0x0000000086b00000|100%| O|  |TAMS 0x0000000086b00000, 0x0000000086a00000| Untracked 
| 107|0x0000000086b00000, 0x0000000086c00000, 0x0000000086c00000|100%| O|  |TAMS 0x0000000086c00000, 0x0000000086b00000| Untracked 
| 108|0x0000000086c00000, 0x0000000086d00000, 0x0000000086d00000|100%| O|  |TAMS 0x0000000086d00000, 0x0000000086c00000| Untracked 
| 109|0x0000000086d00000, 0x0000000086e00000, 0x0000000086e00000|100%| O|  |TAMS 0x0000000086e00000, 0x0000000086d00000| Untracked 
| 110|0x0000000086e00000, 0x0000000086f00000, 0x0000000086f00000|100%| O|  |TAMS 0x0000000086f00000, 0x0000000086e00000| Untracked 
| 111|0x0000000086f00000, 0x0000000087000000, 0x0000000087000000|100%| O|  |TAMS 0x0000000087000000, 0x0000000086f00000| Untracked 
| 112|0x0000000087000000, 0x0000000087100000, 0x0000000087100000|100%| O|  |TAMS 0x0000000087100000, 0x0000000087000000| Untracked 
| 113|0x0000000087100000, 0x0000000087200000, 0x0000000087200000|100%| O|  |TAMS 0x0000000087200000, 0x0000000087100000| Untracked 
| 114|0x0000000087200000, 0x0000000087300000, 0x0000000087300000|100%| O|  |TAMS 0x0000000087300000, 0x0000000087200000| Untracked 
| 115|0x0000000087300000, 0x0000000087400000, 0x0000000087400000|100%| O|  |TAMS 0x0000000087400000, 0x0000000087300000| Untracked 
| 116|0x0000000087400000, 0x0000000087500000, 0x0000000087500000|100%| O|  |TAMS 0x0000000087500000, 0x0000000087400000| Untracked 
| 117|0x0000000087500000, 0x0000000087600000, 0x0000000087600000|100%| O|  |TAMS 0x0000000087600000, 0x0000000087500000| Untracked 
| 118|0x0000000087600000, 0x0000000087700000, 0x0000000087700000|100%| O|  |TAMS 0x0000000087700000, 0x0000000087600000| Untracked 
| 119|0x0000000087700000, 0x0000000087800000, 0x0000000087800000|100%| O|  |TAMS 0x0000000087707e00, 0x0000000087700000| Untracked 
| 120|0x0000000087800000, 0x0000000087800000, 0x0000000087900000|  0%| F|  |TAMS 0x0000000087800000, 0x0000000087800000| Untracked 
| 121|0x0000000087900000, 0x0000000087a00000, 0x0000000087a00000|100%| O|  |TAMS 0x0000000087a00000, 0x0000000087900000| Untracked 
| 122|0x0000000087a00000, 0x0000000087a00000, 0x0000000087b00000|  0%| F|  |TAMS 0x0000000087a00000, 0x0000000087a00000| Untracked 
| 123|0x0000000087b00000, 0x0000000087b00000, 0x0000000087c00000|  0%| F|  |TAMS 0x0000000087b00000, 0x0000000087b00000| Untracked 
| 124|0x0000000087c00000, 0x0000000087c00000, 0x0000000087d00000|  0%| F|  |TAMS 0x0000000087c00000, 0x0000000087c00000| Untracked 
| 125|0x0000000087d00000, 0x0000000087e00000, 0x0000000087e00000|100%| O|  |TAMS 0x0000000087e00000, 0x0000000087d00000| Untracked 
| 126|0x0000000087e00000, 0x0000000087e00000, 0x0000000087f00000|  0%| F|  |TAMS 0x0000000087e00000, 0x0000000087e00000| Untracked 
| 127|0x0000000087f00000, 0x0000000087f00000, 0x0000000088000000|  0%| F|  |TAMS 0x0000000087f00000, 0x0000000087f00000| Untracked 
| 128|0x0000000088000000, 0x0000000088000000, 0x0000000088100000|  0%| F|  |TAMS 0x0000000088000000, 0x0000000088000000| Untracked 
| 129|0x0000000088100000, 0x0000000088200000, 0x0000000088200000|100%| O|  |TAMS 0x0000000088200000, 0x0000000088100000| Untracked 
| 130|0x0000000088200000, 0x0000000088300000, 0x0000000088300000|100%| O|  |TAMS 0x0000000088300000, 0x0000000088200000| Untracked 
| 131|0x0000000088300000, 0x0000000088300000, 0x0000000088400000|  0%| F|  |TAMS 0x0000000088300000, 0x0000000088300000| Untracked 
| 132|0x0000000088400000, 0x0000000088500000, 0x0000000088500000|100%| O|  |TAMS 0x0000000088500000, 0x0000000088400000| Untracked 
| 133|0x0000000088500000, 0x0000000088500000, 0x0000000088600000|  0%| F|  |TAMS 0x0000000088500000, 0x0000000088500000| Untracked 
| 134|0x0000000088600000, 0x0000000088600000, 0x0000000088700000|  0%| F|  |TAMS 0x0000000088600000, 0x0000000088600000| Untracked 
| 135|0x0000000088700000, 0x0000000088700000, 0x0000000088800000|  0%| F|  |TAMS 0x0000000088700000, 0x0000000088700000| Untracked 
| 136|0x0000000088800000, 0x0000000088800000, 0x0000000088900000|  0%| F|  |TAMS 0x0000000088800000, 0x0000000088800000| Untracked 
| 137|0x0000000088900000, 0x0000000088900000, 0x0000000088a00000|  0%| F|  |TAMS 0x0000000088900000, 0x0000000088900000| Untracked 
| 138|0x0000000088a00000, 0x0000000088a00000, 0x0000000088b00000|  0%| F|  |TAMS 0x0000000088a00000, 0x0000000088a00000| Untracked 
| 139|0x0000000088b00000, 0x0000000088b00000, 0x0000000088c00000|  0%| F|  |TAMS 0x0000000088b00000, 0x0000000088b00000| Untracked 
| 140|0x0000000088c00000, 0x0000000088c00000, 0x0000000088d00000|  0%| F|  |TAMS 0x0000000088c00000, 0x0000000088c00000| Untracked 
| 141|0x0000000088d00000, 0x0000000088d00000, 0x0000000088e00000|  0%| F|  |TAMS 0x0000000088d00000, 0x0000000088d00000| Untracked 
| 142|0x0000000088e00000, 0x0000000088e00000, 0x0000000088f00000|  0%| F|  |TAMS 0x0000000088e00000, 0x0000000088e00000| Untracked 
| 143|0x0000000088f00000, 0x0000000088f00000, 0x0000000089000000|  0%| F|  |TAMS 0x0000000088f00000, 0x0000000088f00000| Untracked 
| 144|0x0000000089000000, 0x0000000089000000, 0x0000000089100000|  0%| F|  |TAMS 0x0000000089000000, 0x0000000089000000| Untracked 
| 145|0x0000000089100000, 0x0000000089100000, 0x0000000089200000|  0%| F|  |TAMS 0x0000000089100000, 0x0000000089100000| Untracked 
| 146|0x0000000089200000, 0x0000000089200000, 0x0000000089300000|  0%| F|  |TAMS 0x0000000089200000, 0x0000000089200000| Untracked 
| 147|0x0000000089300000, 0x0000000089300000, 0x0000000089400000|  0%| F|  |TAMS 0x0000000089300000, 0x0000000089300000| Untracked 
| 148|0x0000000089400000, 0x0000000089400000, 0x0000000089500000|  0%| F|  |TAMS 0x0000000089400000, 0x0000000089400000| Untracked 
| 149|0x0000000089500000, 0x0000000089500000, 0x0000000089600000|  0%| F|  |TAMS 0x0000000089500000, 0x0000000089500000| Untracked 
| 150|0x0000000089600000, 0x0000000089600000, 0x0000000089700000|  0%| F|  |TAMS 0x0000000089600000, 0x0000000089600000| Untracked 
| 151|0x0000000089700000, 0x0000000089700000, 0x0000000089800000|  0%| F|  |TAMS 0x0000000089700000, 0x0000000089700000| Untracked 
| 152|0x0000000089800000, 0x0000000089800000, 0x0000000089900000|  0%| F|  |TAMS 0x0000000089800000, 0x0000000089800000| Untracked 
| 153|0x0000000089900000, 0x0000000089900000, 0x0000000089a00000|  0%| F|  |TAMS 0x0000000089900000, 0x0000000089900000| Untracked 
| 154|0x0000000089a00000, 0x0000000089a00000, 0x0000000089b00000|  0%| F|  |TAMS 0x0000000089a00000, 0x0000000089a00000| Untracked 
| 155|0x0000000089b00000, 0x0000000089b00000, 0x0000000089c00000|  0%| F|  |TAMS 0x0000000089b00000, 0x0000000089b00000| Untracked 
| 156|0x0000000089c00000, 0x0000000089c00000, 0x0000000089d00000|  0%| F|  |TAMS 0x0000000089c00000, 0x0000000089c00000| Untracked 
| 157|0x0000000089d00000, 0x0000000089d00000, 0x0000000089e00000|  0%| F|  |TAMS 0x0000000089d00000, 0x0000000089d00000| Untracked 
| 158|0x0000000089e00000, 0x0000000089e00000, 0x0000000089f00000|  0%| F|  |TAMS 0x0000000089e00000, 0x0000000089e00000| Untracked 
| 159|0x0000000089f00000, 0x000000008a000000, 0x000000008a000000|100%| O|  |TAMS 0x000000008a000000, 0x0000000089f00000| Untracked 
| 160|0x000000008a000000, 0x000000008a100000, 0x000000008a100000|100%| O|  |TAMS 0x000000008a100000, 0x000000008a000000| Untracked 
| 161|0x000000008a100000, 0x000000008a100000, 0x000000008a200000|  0%| F|  |TAMS 0x000000008a100000, 0x000000008a100000| Untracked 
| 162|0x000000008a200000, 0x000000008a200000, 0x000000008a300000|  0%| F|  |TAMS 0x000000008a200000, 0x000000008a200000| Untracked 
| 163|0x000000008a300000, 0x000000008a300000, 0x000000008a400000|  0%| F|  |TAMS 0x000000008a300000, 0x000000008a300000| Untracked 
| 164|0x000000008a400000, 0x000000008a400000, 0x000000008a500000|  0%| F|  |TAMS 0x000000008a400000, 0x000000008a400000| Untracked 
| 165|0x000000008a500000, 0x000000008a500000, 0x000000008a600000|  0%| F|  |TAMS 0x000000008a500000, 0x000000008a500000| Untracked 
| 166|0x000000008a600000, 0x000000008a600000, 0x000000008a700000|  0%| F|  |TAMS 0x000000008a600000, 0x000000008a600000| Untracked 
| 167|0x000000008a700000, 0x000000008a800000, 0x000000008a800000|100%| O|  |TAMS 0x000000008a800000, 0x000000008a700000| Untracked 
| 168|0x000000008a800000, 0x000000008a800000, 0x000000008a900000|  0%| F|  |TAMS 0x000000008a800000, 0x000000008a800000| Untracked 
| 169|0x000000008a900000, 0x000000008a900000, 0x000000008aa00000|  0%| F|  |TAMS 0x000000008a900000, 0x000000008a900000| Untracked 
| 170|0x000000008aa00000, 0x000000008aa00000, 0x000000008ab00000|  0%| F|  |TAMS 0x000000008aa00000, 0x000000008aa00000| Untracked 
| 171|0x000000008ab00000, 0x000000008ab00000, 0x000000008ac00000|  0%| F|  |TAMS 0x000000008ab00000, 0x000000008ab00000| Untracked 
| 172|0x000000008ac00000, 0x000000008ac00000, 0x000000008ad00000|  0%| F|  |TAMS 0x000000008ac00000, 0x000000008ac00000| Untracked 
| 173|0x000000008ad00000, 0x000000008ad00000, 0x000000008ae00000|  0%| F|  |TAMS 0x000000008ad00000, 0x000000008ad00000| Untracked 
| 174|0x000000008ae00000, 0x000000008af00000, 0x000000008af00000|100%| O|  |TAMS 0x000000008af00000, 0x000000008ae00000| Untracked 
| 175|0x000000008af00000, 0x000000008af00000, 0x000000008b000000|  0%| F|  |TAMS 0x000000008af00000, 0x000000008af00000| Untracked 
| 176|0x000000008b000000, 0x000000008b000000, 0x000000008b100000|  0%| F|  |TAMS 0x000000008b000000, 0x000000008b000000| Untracked 
| 177|0x000000008b100000, 0x000000008b100000, 0x000000008b200000|  0%| F|  |TAMS 0x000000008b100000, 0x000000008b100000| Untracked 
| 178|0x000000008b200000, 0x000000008b200000, 0x000000008b300000|  0%| F|  |TAMS 0x000000008b200000, 0x000000008b200000| Untracked 
| 179|0x000000008b300000, 0x000000008b300000, 0x000000008b400000|  0%| F|  |TAMS 0x000000008b300000, 0x000000008b300000| Untracked 
| 180|0x000000008b400000, 0x000000008b400000, 0x000000008b500000|  0%| F|  |TAMS 0x000000008b400000, 0x000000008b400000| Untracked 
| 181|0x000000008b500000, 0x000000008b500000, 0x000000008b600000|  0%| F|  |TAMS 0x000000008b500000, 0x000000008b500000| Untracked 
| 182|0x000000008b600000, 0x000000008b600000, 0x000000008b700000|  0%| F|  |TAMS 0x000000008b600000, 0x000000008b600000| Untracked 
| 183|0x000000008b700000, 0x000000008b700000, 0x000000008b800000|  0%| F|  |TAMS 0x000000008b700000, 0x000000008b700000| Untracked 
| 184|0x000000008b800000, 0x000000008b800000, 0x000000008b900000|  0%| F|  |TAMS 0x000000008b800000, 0x000000008b800000| Untracked 
| 185|0x000000008b900000, 0x000000008b900000, 0x000000008ba00000|  0%| F|  |TAMS 0x000000008b900000, 0x000000008b900000| Untracked 
| 186|0x000000008ba00000, 0x000000008ba00000, 0x000000008bb00000|  0%| F|  |TAMS 0x000000008ba00000, 0x000000008ba00000| Untracked 
| 187|0x000000008bb00000, 0x000000008bb00000, 0x000000008bc00000|  0%| F|  |TAMS 0x000000008bb00000, 0x000000008bb00000| Untracked 
| 188|0x000000008bc00000, 0x000000008bc00000, 0x000000008bd00000|  0%| F|  |TAMS 0x000000008bc00000, 0x000000008bc00000| Untracked 
| 189|0x000000008bd00000, 0x000000008bd00000, 0x000000008be00000|  0%| F|  |TAMS 0x000000008bd00000, 0x000000008bd00000| Untracked 
| 190|0x000000008be00000, 0x000000008be00000, 0x000000008bf00000|  0%| F|  |TAMS 0x000000008be00000, 0x000000008be00000| Untracked 
| 191|0x000000008bf00000, 0x000000008bf00000, 0x000000008c000000|  0%| F|  |TAMS 0x000000008bf00000, 0x000000008bf00000| Untracked 
| 192|0x000000008c000000, 0x000000008c000000, 0x000000008c100000|  0%| F|  |TAMS 0x000000008c000000, 0x000000008c000000| Untracked 
| 193|0x000000008c100000, 0x000000008c100000, 0x000000008c200000|  0%| F|  |TAMS 0x000000008c100000, 0x000000008c100000| Untracked 
| 194|0x000000008c200000, 0x000000008c200000, 0x000000008c300000|  0%| F|  |TAMS 0x000000008c200000, 0x000000008c200000| Untracked 
| 195|0x000000008c300000, 0x000000008c300000, 0x000000008c400000|  0%| F|  |TAMS 0x000000008c300000, 0x000000008c300000| Untracked 
| 196|0x000000008c400000, 0x000000008c400000, 0x000000008c500000|  0%| F|  |TAMS 0x000000008c400000, 0x000000008c400000| Untracked 
| 197|0x000000008c500000, 0x000000008c500000, 0x000000008c600000|  0%| F|  |TAMS 0x000000008c500000, 0x000000008c500000| Untracked 
| 198|0x000000008c600000, 0x000000008c600000, 0x000000008c700000|  0%| F|  |TAMS 0x000000008c600000, 0x000000008c600000| Untracked 
| 199|0x000000008c700000, 0x000000008c700000, 0x000000008c800000|  0%| F|  |TAMS 0x000000008c700000, 0x000000008c700000| Untracked 
| 200|0x000000008c800000, 0x000000008c800000, 0x000000008c900000|  0%| F|  |TAMS 0x000000008c800000, 0x000000008c800000| Untracked 
| 201|0x000000008c900000, 0x000000008c900000, 0x000000008ca00000|  0%| F|  |TAMS 0x000000008c900000, 0x000000008c900000| Untracked 
| 202|0x000000008ca00000, 0x000000008ca00000, 0x000000008cb00000|  0%| F|  |TAMS 0x000000008ca00000, 0x000000008ca00000| Untracked 
| 203|0x000000008cb00000, 0x000000008cb00000, 0x000000008cc00000|  0%| F|  |TAMS 0x000000008cb00000, 0x000000008cb00000| Untracked 
| 204|0x000000008cc00000, 0x000000008cc00000, 0x000000008cd00000|  0%| F|  |TAMS 0x000000008cc00000, 0x000000008cc00000| Untracked 
| 205|0x000000008cd00000, 0x000000008cd00000, 0x000000008ce00000|  0%| F|  |TAMS 0x000000008cd00000, 0x000000008cd00000| Untracked 
| 206|0x000000008ce00000, 0x000000008ce00000, 0x000000008cf00000|  0%| F|  |TAMS 0x000000008ce00000, 0x000000008ce00000| Untracked 
| 207|0x000000008cf00000, 0x000000008cf00000, 0x000000008d000000|  0%| F|  |TAMS 0x000000008cf00000, 0x000000008cf00000| Untracked 
| 208|0x000000008d000000, 0x000000008d000000, 0x000000008d100000|  0%| F|  |TAMS 0x000000008d000000, 0x000000008d000000| Untracked 
| 209|0x000000008d100000, 0x000000008d100000, 0x000000008d200000|  0%| F|  |TAMS 0x000000008d100000, 0x000000008d100000| Untracked 
| 210|0x000000008d200000, 0x000000008d200000, 0x000000008d300000|  0%| F|  |TAMS 0x000000008d200000, 0x000000008d200000| Untracked 
| 211|0x000000008d300000, 0x000000008d300000, 0x000000008d400000|  0%| F|  |TAMS 0x000000008d300000, 0x000000008d300000| Untracked 
| 212|0x000000008d400000, 0x000000008d400000, 0x000000008d500000|  0%| F|  |TAMS 0x000000008d400000, 0x000000008d400000| Untracked 
| 213|0x000000008d500000, 0x000000008d500000, 0x000000008d600000|  0%| F|  |TAMS 0x000000008d500000, 0x000000008d500000| Untracked 
| 214|0x000000008d600000, 0x000000008d600000, 0x000000008d700000|  0%| F|  |TAMS 0x000000008d600000, 0x000000008d600000| Untracked 
| 215|0x000000008d700000, 0x000000008d700000, 0x000000008d800000|  0%| F|  |TAMS 0x000000008d700000, 0x000000008d700000| Untracked 
| 216|0x000000008d800000, 0x000000008d800000, 0x000000008d900000|  0%| F|  |TAMS 0x000000008d800000, 0x000000008d800000| Untracked 
| 217|0x000000008d900000, 0x000000008d900000, 0x000000008da00000|  0%| F|  |TAMS 0x000000008d900000, 0x000000008d900000| Untracked 
| 218|0x000000008da00000, 0x000000008da00000, 0x000000008db00000|  0%| F|  |TAMS 0x000000008da00000, 0x000000008da00000| Untracked 
| 219|0x000000008db00000, 0x000000008db00000, 0x000000008dc00000|  0%| F|  |TAMS 0x000000008db00000, 0x000000008db00000| Untracked 
| 220|0x000000008dc00000, 0x000000008dc00000, 0x000000008dd00000|  0%| F|  |TAMS 0x000000008dc00000, 0x000000008dc00000| Untracked 
| 221|0x000000008dd00000, 0x000000008dd00000, 0x000000008de00000|  0%| F|  |TAMS 0x000000008dd00000, 0x000000008dd00000| Untracked 
| 222|0x000000008de00000, 0x000000008de00000, 0x000000008df00000|  0%| F|  |TAMS 0x000000008de00000, 0x000000008de00000| Untracked 
| 223|0x000000008df00000, 0x000000008df00000, 0x000000008e000000|  0%| F|  |TAMS 0x000000008df00000, 0x000000008df00000| Untracked 
| 224|0x000000008e000000, 0x000000008e000000, 0x000000008e100000|  0%| F|  |TAMS 0x000000008e000000, 0x000000008e000000| Untracked 
| 225|0x000000008e100000, 0x000000008e100000, 0x000000008e200000|  0%| F|  |TAMS 0x000000008e100000, 0x000000008e100000| Untracked 
| 226|0x000000008e200000, 0x000000008e200000, 0x000000008e300000|  0%| F|  |TAMS 0x000000008e200000, 0x000000008e200000| Untracked 
| 227|0x000000008e300000, 0x000000008e300000, 0x000000008e400000|  0%| F|  |TAMS 0x000000008e300000, 0x000000008e300000| Untracked 
| 228|0x000000008e400000, 0x000000008e400000, 0x000000008e500000|  0%| F|  |TAMS 0x000000008e400000, 0x000000008e400000| Untracked 
| 229|0x000000008e500000, 0x000000008e500000, 0x000000008e600000|  0%| F|  |TAMS 0x000000008e500000, 0x000000008e500000| Untracked 
| 230|0x000000008e600000, 0x000000008e600000, 0x000000008e700000|  0%| F|  |TAMS 0x000000008e600000, 0x000000008e600000| Untracked 
| 231|0x000000008e700000, 0x000000008e700000, 0x000000008e800000|  0%| F|  |TAMS 0x000000008e700000, 0x000000008e700000| Untracked 
| 232|0x000000008e800000, 0x000000008e800000, 0x000000008e900000|  0%| F|  |TAMS 0x000000008e800000, 0x000000008e800000| Untracked 
| 233|0x000000008e900000, 0x000000008e900000, 0x000000008ea00000|  0%| F|  |TAMS 0x000000008e900000, 0x000000008e900000| Untracked 
| 234|0x000000008ea00000, 0x000000008ea00000, 0x000000008eb00000|  0%| F|  |TAMS 0x000000008ea00000, 0x000000008ea00000| Untracked 
| 235|0x000000008eb00000, 0x000000008eb00000, 0x000000008ec00000|  0%| F|  |TAMS 0x000000008eb00000, 0x000000008eb00000| Untracked 
| 236|0x000000008ec00000, 0x000000008ec00000, 0x000000008ed00000|  0%| F|  |TAMS 0x000000008ec00000, 0x000000008ec00000| Untracked 
| 237|0x000000008ed00000, 0x000000008ed00000, 0x000000008ee00000|  0%| F|  |TAMS 0x000000008ed00000, 0x000000008ed00000| Untracked 
| 238|0x000000008ee00000, 0x000000008ee00000, 0x000000008ef00000|  0%| F|  |TAMS 0x000000008ee00000, 0x000000008ee00000| Untracked 
| 239|0x000000008ef00000, 0x000000008ef00000, 0x000000008f000000|  0%| F|  |TAMS 0x000000008ef00000, 0x000000008ef00000| Untracked 
| 240|0x000000008f000000, 0x000000008f000000, 0x000000008f100000|  0%| F|  |TAMS 0x000000008f000000, 0x000000008f000000| Untracked 
| 241|0x000000008f100000, 0x000000008f100000, 0x000000008f200000|  0%| F|  |TAMS 0x000000008f100000, 0x000000008f100000| Untracked 
| 242|0x000000008f200000, 0x000000008f200000, 0x000000008f300000|  0%| F|  |TAMS 0x000000008f200000, 0x000000008f200000| Untracked 
| 243|0x000000008f300000, 0x000000008f300000, 0x000000008f400000|  0%| F|  |TAMS 0x000000008f300000, 0x000000008f300000| Untracked 
| 244|0x000000008f400000, 0x000000008f400000, 0x000000008f500000|  0%| F|  |TAMS 0x000000008f400000, 0x000000008f400000| Untracked 
| 245|0x000000008f500000, 0x000000008f500000, 0x000000008f600000|  0%| F|  |TAMS 0x000000008f500000, 0x000000008f500000| Untracked 
| 246|0x000000008f600000, 0x000000008f600000, 0x000000008f700000|  0%| F|  |TAMS 0x000000008f600000, 0x000000008f600000| Untracked 
| 247|0x000000008f700000, 0x000000008f700000, 0x000000008f800000|  0%| F|  |TAMS 0x000000008f700000, 0x000000008f700000| Untracked 
| 248|0x000000008f800000, 0x000000008f800000, 0x000000008f900000|  0%| F|  |TAMS 0x000000008f800000, 0x000000008f800000| Untracked 
| 249|0x000000008f900000, 0x000000008f900000, 0x000000008fa00000|  0%| F|  |TAMS 0x000000008f900000, 0x000000008f900000| Untracked 
| 250|0x000000008fa00000, 0x000000008fa00000, 0x000000008fb00000|  0%| F|  |TAMS 0x000000008fa00000, 0x000000008fa00000| Untracked 
| 251|0x000000008fb00000, 0x000000008fb00000, 0x000000008fc00000|  0%| F|  |TAMS 0x000000008fb00000, 0x000000008fb00000| Untracked 
| 252|0x000000008fc00000, 0x000000008fc00000, 0x000000008fd00000|  0%| F|  |TAMS 0x000000008fc00000, 0x000000008fc00000| Untracked 
| 253|0x000000008fd00000, 0x000000008fd00000, 0x000000008fe00000|  0%| F|  |TAMS 0x000000008fd00000, 0x000000008fd00000| Untracked 
| 254|0x000000008fe00000, 0x000000008fe00000, 0x000000008ff00000|  0%| F|  |TAMS 0x000000008fe00000, 0x000000008fe00000| Untracked 
| 255|0x000000008ff00000, 0x000000008ff00000, 0x0000000090000000|  0%| F|  |TAMS 0x000000008ff00000, 0x000000008ff00000| Untracked 
| 256|0x0000000090000000, 0x0000000090000000, 0x0000000090100000|  0%| F|  |TAMS 0x0000000090000000, 0x0000000090000000| Untracked 
| 257|0x0000000090100000, 0x0000000090100000, 0x0000000090200000|  0%| F|  |TAMS 0x0000000090100000, 0x0000000090100000| Untracked 
| 258|0x0000000090200000, 0x0000000090200000, 0x0000000090300000|  0%| F|  |TAMS 0x0000000090200000, 0x0000000090200000| Untracked 
| 259|0x0000000090300000, 0x0000000090300000, 0x0000000090400000|  0%| F|  |TAMS 0x0000000090300000, 0x0000000090300000| Untracked 
| 260|0x0000000090400000, 0x0000000090400000, 0x0000000090500000|  0%| F|  |TAMS 0x0000000090400000, 0x0000000090400000| Untracked 
| 261|0x0000000090500000, 0x0000000090500000, 0x0000000090600000|  0%| F|  |TAMS 0x0000000090500000, 0x0000000090500000| Untracked 
| 262|0x0000000090600000, 0x0000000090600000, 0x0000000090700000|  0%| F|  |TAMS 0x0000000090600000, 0x0000000090600000| Untracked 
| 263|0x0000000090700000, 0x0000000090700000, 0x0000000090800000|  0%| F|  |TAMS 0x0000000090700000, 0x0000000090700000| Untracked 
| 264|0x0000000090800000, 0x0000000090800000, 0x0000000090900000|  0%| F|  |TAMS 0x0000000090800000, 0x0000000090800000| Untracked 
| 265|0x0000000090900000, 0x0000000090900000, 0x0000000090a00000|  0%| F|  |TAMS 0x0000000090900000, 0x0000000090900000| Untracked 
| 266|0x0000000090a00000, 0x0000000090a00000, 0x0000000090b00000|  0%| F|  |TAMS 0x0000000090a00000, 0x0000000090a00000| Untracked 
| 267|0x0000000090b00000, 0x0000000090b00000, 0x0000000090c00000|  0%| F|  |TAMS 0x0000000090b00000, 0x0000000090b00000| Untracked 
| 268|0x0000000090c00000, 0x0000000090c00000, 0x0000000090d00000|  0%| F|  |TAMS 0x0000000090c00000, 0x0000000090c00000| Untracked 
| 269|0x0000000090d00000, 0x0000000090d00000, 0x0000000090e00000|  0%| F|  |TAMS 0x0000000090d00000, 0x0000000090d00000| Untracked 
| 270|0x0000000090e00000, 0x0000000090e00000, 0x0000000090f00000|  0%| F|  |TAMS 0x0000000090e00000, 0x0000000090e00000| Untracked 
| 271|0x0000000090f00000, 0x0000000090f00000, 0x0000000091000000|  0%| F|  |TAMS 0x0000000090f00000, 0x0000000090f00000| Untracked 
| 272|0x0000000091000000, 0x0000000091000000, 0x0000000091100000|  0%| F|  |TAMS 0x0000000091000000, 0x0000000091000000| Untracked 
| 273|0x0000000091100000, 0x0000000091100000, 0x0000000091200000|  0%| F|  |TAMS 0x0000000091100000, 0x0000000091100000| Untracked 
| 274|0x0000000091200000, 0x0000000091200000, 0x0000000091300000|  0%| F|  |TAMS 0x0000000091200000, 0x0000000091200000| Untracked 
| 275|0x0000000091300000, 0x0000000091300000, 0x0000000091400000|  0%| F|  |TAMS 0x0000000091300000, 0x0000000091300000| Untracked 
| 276|0x0000000091400000, 0x0000000091400000, 0x0000000091500000|  0%| F|  |TAMS 0x0000000091400000, 0x0000000091400000| Untracked 
| 277|0x0000000091500000, 0x0000000091500000, 0x0000000091600000|  0%| F|  |TAMS 0x0000000091500000, 0x0000000091500000| Untracked 
| 278|0x0000000091600000, 0x0000000091600000, 0x0000000091700000|  0%| F|  |TAMS 0x0000000091600000, 0x0000000091600000| Untracked 
| 279|0x0000000091700000, 0x0000000091700000, 0x0000000091800000|  0%| F|  |TAMS 0x0000000091700000, 0x0000000091700000| Untracked 
| 280|0x0000000091800000, 0x0000000091800000, 0x0000000091900000|  0%| F|  |TAMS 0x0000000091800000, 0x0000000091800000| Untracked 
| 281|0x0000000091900000, 0x0000000091900000, 0x0000000091a00000|  0%| F|  |TAMS 0x0000000091900000, 0x0000000091900000| Untracked 
| 282|0x0000000091a00000, 0x0000000091a00000, 0x0000000091b00000|  0%| F|  |TAMS 0x0000000091a00000, 0x0000000091a00000| Untracked 
| 283|0x0000000091b00000, 0x0000000091b00000, 0x0000000091c00000|  0%| F|  |TAMS 0x0000000091b00000, 0x0000000091b00000| Untracked 
| 284|0x0000000091c00000, 0x0000000091c00000, 0x0000000091d00000|  0%| F|  |TAMS 0x0000000091c00000, 0x0000000091c00000| Untracked 
| 285|0x0000000091d00000, 0x0000000091d00000, 0x0000000091e00000|  0%| F|  |TAMS 0x0000000091d00000, 0x0000000091d00000| Untracked 
| 286|0x0000000091e00000, 0x0000000091e00000, 0x0000000091f00000|  0%| F|  |TAMS 0x0000000091e00000, 0x0000000091e00000| Untracked 
| 287|0x0000000091f00000, 0x0000000091f00000, 0x0000000092000000|  0%| F|  |TAMS 0x0000000091f00000, 0x0000000091f00000| Untracked 
| 288|0x0000000092000000, 0x0000000092000000, 0x0000000092100000|  0%| F|  |TAMS 0x0000000092000000, 0x0000000092000000| Untracked 
| 289|0x0000000092100000, 0x0000000092100000, 0x0000000092200000|  0%| F|  |TAMS 0x0000000092100000, 0x0000000092100000| Untracked 
| 290|0x0000000092200000, 0x0000000092200000, 0x0000000092300000|  0%| F|  |TAMS 0x0000000092200000, 0x0000000092200000| Untracked 
| 291|0x0000000092300000, 0x0000000092300000, 0x0000000092400000|  0%| F|  |TAMS 0x0000000092300000, 0x0000000092300000| Untracked 
| 292|0x0000000092400000, 0x0000000092400000, 0x0000000092500000|  0%| F|  |TAMS 0x0000000092400000, 0x0000000092400000| Untracked 
| 293|0x0000000092500000, 0x0000000092500000, 0x0000000092600000|  0%| F|  |TAMS 0x0000000092500000, 0x0000000092500000| Untracked 
| 294|0x0000000092600000, 0x0000000092600000, 0x0000000092700000|  0%| F|  |TAMS 0x0000000092600000, 0x0000000092600000| Untracked 
| 295|0x0000000092700000, 0x0000000092700000, 0x0000000092800000|  0%| F|  |TAMS 0x0000000092700000, 0x0000000092700000| Untracked 
| 296|0x0000000092800000, 0x0000000092800000, 0x0000000092900000|  0%| F|  |TAMS 0x0000000092800000, 0x0000000092800000| Untracked 
| 297|0x0000000092900000, 0x0000000092900000, 0x0000000092a00000|  0%| F|  |TAMS 0x0000000092900000, 0x0000000092900000| Untracked 
| 298|0x0000000092a00000, 0x0000000092a00000, 0x0000000092b00000|  0%| F|  |TAMS 0x0000000092a00000, 0x0000000092a00000| Untracked 
| 299|0x0000000092b00000, 0x0000000092b00000, 0x0000000092c00000|  0%| F|  |TAMS 0x0000000092b00000, 0x0000000092b00000| Untracked 
| 300|0x0000000092c00000, 0x0000000092c00000, 0x0000000092d00000|  0%| F|  |TAMS 0x0000000092c00000, 0x0000000092c00000| Untracked 
| 301|0x0000000092d00000, 0x0000000092d8ce20, 0x0000000092e00000| 55%| E|  |TAMS 0x0000000092d00000, 0x0000000092d00000| Complete 
| 302|0x0000000092e00000, 0x0000000092f00000, 0x0000000092f00000|100%| E|CS|TAMS 0x0000000092e00000, 0x0000000092e00000| Complete 
| 303|0x0000000092f00000, 0x0000000093000000, 0x0000000093000000|100%| E|CS|TAMS 0x0000000092f00000, 0x0000000092f00000| Complete 
| 304|0x0000000093000000, 0x0000000093100000, 0x0000000093100000|100%| E|CS|TAMS 0x0000000093000000, 0x0000000093000000| Complete 
| 305|0x0000000093100000, 0x0000000093200000, 0x0000000093200000|100%| E|CS|TAMS 0x0000000093100000, 0x0000000093100000| Complete 
| 306|0x0000000093200000, 0x0000000093300000, 0x0000000093300000|100%| E|CS|TAMS 0x0000000093200000, 0x0000000093200000| Complete 
| 307|0x0000000093300000, 0x0000000093400000, 0x0000000093400000|100%| E|CS|TAMS 0x0000000093300000, 0x0000000093300000| Complete 
| 308|0x0000000093400000, 0x0000000093500000, 0x0000000093500000|100%| E|CS|TAMS 0x0000000093400000, 0x0000000093400000| Complete 
| 309|0x0000000093500000, 0x0000000093600000, 0x0000000093600000|100%| E|CS|TAMS 0x0000000093500000, 0x0000000093500000| Complete 
| 310|0x0000000093600000, 0x0000000093700000, 0x0000000093700000|100%| E|CS|TAMS 0x0000000093600000, 0x0000000093600000| Complete 
| 311|0x0000000093700000, 0x0000000093800000, 0x0000000093800000|100%| E|CS|TAMS 0x0000000093700000, 0x0000000093700000| Complete 
| 312|0x0000000093800000, 0x0000000093900000, 0x0000000093900000|100%| E|CS|TAMS 0x0000000093800000, 0x0000000093800000| Complete 
| 313|0x0000000093900000, 0x0000000093a00000, 0x0000000093a00000|100%| E|CS|TAMS 0x0000000093900000, 0x0000000093900000| Complete 
| 314|0x0000000093a00000, 0x0000000093b00000, 0x0000000093b00000|100%| E|CS|TAMS 0x0000000093a00000, 0x0000000093a00000| Complete 
| 315|0x0000000093b00000, 0x0000000093c00000, 0x0000000093c00000|100%| E|CS|TAMS 0x0000000093b00000, 0x0000000093b00000| Complete 
| 316|0x0000000093c00000, 0x0000000093d00000, 0x0000000093d00000|100%| E|CS|TAMS 0x0000000093c00000, 0x0000000093c00000| Complete 
| 317|0x0000000093d00000, 0x0000000093e00000, 0x0000000093e00000|100%| E|CS|TAMS 0x0000000093d00000, 0x0000000093d00000| Complete 
| 318|0x0000000093e00000, 0x0000000093f00000, 0x0000000093f00000|100%| E|CS|TAMS 0x0000000093e00000, 0x0000000093e00000| Complete 
| 319|0x0000000093f00000, 0x0000000094000000, 0x0000000094000000|100%| E|CS|TAMS 0x0000000093f00000, 0x0000000093f00000| Complete 
| 320|0x0000000094000000, 0x0000000094100000, 0x0000000094100000|100%| E|CS|TAMS 0x0000000094000000, 0x0000000094000000| Complete 
| 321|0x0000000094100000, 0x0000000094200000, 0x0000000094200000|100%| E|CS|TAMS 0x0000000094100000, 0x0000000094100000| Complete 
| 322|0x0000000094200000, 0x0000000094300000, 0x0000000094300000|100%| E|CS|TAMS 0x0000000094200000, 0x0000000094200000| Complete 
| 323|0x0000000094300000, 0x0000000094400000, 0x0000000094400000|100%| E|CS|TAMS 0x0000000094300000, 0x0000000094300000| Complete 
| 324|0x0000000094400000, 0x0000000094500000, 0x0000000094500000|100%| E|CS|TAMS 0x0000000094400000, 0x0000000094400000| Complete 
| 325|0x0000000094500000, 0x0000000094600000, 0x0000000094600000|100%| E|CS|TAMS 0x0000000094500000, 0x0000000094500000| Complete 
| 326|0x0000000094600000, 0x0000000094700000, 0x0000000094700000|100%| E|CS|TAMS 0x0000000094600000, 0x0000000094600000| Complete 
| 327|0x0000000094700000, 0x0000000094800000, 0x0000000094800000|100%| E|CS|TAMS 0x0000000094700000, 0x0000000094700000| Complete 
| 328|0x0000000094800000, 0x0000000094900000, 0x0000000094900000|100%| E|CS|TAMS 0x0000000094800000, 0x0000000094800000| Complete 
| 329|0x0000000094900000, 0x0000000094a00000, 0x0000000094a00000|100%| E|CS|TAMS 0x0000000094900000, 0x0000000094900000| Complete 
| 330|0x0000000094a00000, 0x0000000094b00000, 0x0000000094b00000|100%| E|CS|TAMS 0x0000000094a00000, 0x0000000094a00000| Complete 
| 331|0x0000000094b00000, 0x0000000094c00000, 0x0000000094c00000|100%| E|CS|TAMS 0x0000000094b00000, 0x0000000094b00000| Complete 
| 332|0x0000000094c00000, 0x0000000094d00000, 0x0000000094d00000|100%| E|CS|TAMS 0x0000000094c00000, 0x0000000094c00000| Complete 
| 333|0x0000000094d00000, 0x0000000094e00000, 0x0000000094e00000|100%| E|CS|TAMS 0x0000000094d00000, 0x0000000094d00000| Complete 
| 334|0x0000000094e00000, 0x0000000094f00000, 0x0000000094f00000|100%| E|CS|TAMS 0x0000000094e00000, 0x0000000094e00000| Complete 
| 335|0x0000000094f00000, 0x0000000095000000, 0x0000000095000000|100%| E|CS|TAMS 0x0000000094f00000, 0x0000000094f00000| Complete 
| 336|0x0000000095000000, 0x0000000095100000, 0x0000000095100000|100%| E|CS|TAMS 0x0000000095000000, 0x0000000095000000| Complete 
| 337|0x0000000095100000, 0x0000000095200000, 0x0000000095200000|100%| E|CS|TAMS 0x0000000095100000, 0x0000000095100000| Complete 
| 338|0x0000000095200000, 0x0000000095300000, 0x0000000095300000|100%| E|CS|TAMS 0x0000000095200000, 0x0000000095200000| Complete 
| 339|0x0000000095300000, 0x0000000095400000, 0x0000000095400000|100%| E|CS|TAMS 0x0000000095300000, 0x0000000095300000| Complete 
| 340|0x0000000095400000, 0x0000000095500000, 0x0000000095500000|100%| E|CS|TAMS 0x0000000095400000, 0x0000000095400000| Complete 
| 341|0x0000000095500000, 0x0000000095600000, 0x0000000095600000|100%| E|CS|TAMS 0x0000000095500000, 0x0000000095500000| Complete 
| 342|0x0000000095600000, 0x0000000095700000, 0x0000000095700000|100%| E|CS|TAMS 0x0000000095600000, 0x0000000095600000| Complete 
| 343|0x0000000095700000, 0x0000000095800000, 0x0000000095800000|100%| E|CS|TAMS 0x0000000095700000, 0x0000000095700000| Complete 
| 344|0x0000000095800000, 0x0000000095900000, 0x0000000095900000|100%| E|CS|TAMS 0x0000000095800000, 0x0000000095800000| Complete 
| 345|0x0000000095900000, 0x0000000095a00000, 0x0000000095a00000|100%| E|CS|TAMS 0x0000000095900000, 0x0000000095900000| Complete 
| 346|0x0000000095a00000, 0x0000000095b00000, 0x0000000095b00000|100%| E|CS|TAMS 0x0000000095a00000, 0x0000000095a00000| Complete 
| 347|0x0000000095b00000, 0x0000000095c00000, 0x0000000095c00000|100%| E|CS|TAMS 0x0000000095b00000, 0x0000000095b00000| Complete 
| 348|0x0000000095c00000, 0x0000000095d00000, 0x0000000095d00000|100%| E|CS|TAMS 0x0000000095c00000, 0x0000000095c00000| Complete 
| 349|0x0000000095d00000, 0x0000000095e00000, 0x0000000095e00000|100%| E|CS|TAMS 0x0000000095d00000, 0x0000000095d00000| Complete 
| 350|0x0000000095e00000, 0x0000000095f00000, 0x0000000095f00000|100%| E|CS|TAMS 0x0000000095e00000, 0x0000000095e00000| Complete 
| 351|0x0000000095f00000, 0x0000000096000000, 0x0000000096000000|100%| E|CS|TAMS 0x0000000095f00000, 0x0000000095f00000| Complete 
| 352|0x0000000096000000, 0x0000000096100000, 0x0000000096100000|100%| E|CS|TAMS 0x0000000096000000, 0x0000000096000000| Complete 
| 353|0x0000000096100000, 0x0000000096200000, 0x0000000096200000|100%| E|CS|TAMS 0x0000000096100000, 0x0000000096100000| Complete 
| 354|0x0000000096200000, 0x0000000096300000, 0x0000000096300000|100%| E|CS|TAMS 0x0000000096200000, 0x0000000096200000| Complete 
| 355|0x0000000096300000, 0x0000000096400000, 0x0000000096400000|100%| E|CS|TAMS 0x0000000096300000, 0x0000000096300000| Complete 
| 356|0x0000000096400000, 0x0000000096500000, 0x0000000096500000|100%| E|CS|TAMS 0x0000000096400000, 0x0000000096400000| Complete 
| 357|0x0000000096500000, 0x0000000096600000, 0x0000000096600000|100%| O|  |TAMS 0x0000000096600000, 0x0000000096500000| Untracked 
| 358|0x0000000096600000, 0x0000000096700000, 0x0000000096700000|100%| O|  |TAMS 0x0000000096700000, 0x0000000096600000| Untracked 
| 359|0x0000000096700000, 0x0000000096800000, 0x0000000096800000|100%| O|  |TAMS 0x0000000096800000, 0x0000000096700000| Untracked 
| 360|0x0000000096800000, 0x0000000096900000, 0x0000000096900000|100%| O|  |TAMS 0x0000000096900000, 0x0000000096800000| Untracked 
| 361|0x0000000096900000, 0x0000000096a00000, 0x0000000096a00000|100%| O|  |TAMS 0x0000000096a00000, 0x0000000096900000| Untracked 
| 362|0x0000000096a00000, 0x0000000096b00000, 0x0000000096b00000|100%| O|  |TAMS 0x0000000096b00000, 0x0000000096a00000| Untracked 
| 363|0x0000000096b00000, 0x0000000096c00000, 0x0000000096c00000|100%| O|  |TAMS 0x0000000096c00000, 0x0000000096b00000| Untracked 
| 364|0x0000000096c00000, 0x0000000096d00000, 0x0000000096d00000|100%| O|  |TAMS 0x0000000096d00000, 0x0000000096c00000| Untracked 
| 365|0x0000000096d00000, 0x0000000096e00000, 0x0000000096e00000|100%| O|  |TAMS 0x0000000096e00000, 0x0000000096d00000| Untracked 
| 366|0x0000000096e00000, 0x0000000096f00000, 0x0000000096f00000|100%| O|  |TAMS 0x0000000096f00000, 0x0000000096e00000| Untracked 
| 367|0x0000000096f00000, 0x0000000097000000, 0x0000000097000000|100%| O|  |TAMS 0x0000000097000000, 0x0000000096f00000| Untracked 
| 368|0x0000000097000000, 0x0000000097100000, 0x0000000097100000|100%| O|  |TAMS 0x0000000097100000, 0x0000000097000000| Untracked 
| 369|0x0000000097100000, 0x0000000097200000, 0x0000000097200000|100%| O|  |TAMS 0x0000000097200000, 0x0000000097100000| Untracked 
| 370|0x0000000097200000, 0x0000000097300000, 0x0000000097300000|100%| O|  |TAMS 0x0000000097300000, 0x0000000097200000| Untracked 
| 371|0x0000000097300000, 0x0000000097400000, 0x0000000097400000|100%| E|CS|TAMS 0x0000000097300000, 0x0000000097300000| Complete 
| 372|0x0000000097400000, 0x0000000097500000, 0x0000000097500000|100%| E|CS|TAMS 0x0000000097400000, 0x0000000097400000| Complete 
| 373|0x0000000097500000, 0x0000000097600000, 0x0000000097600000|100%| E|CS|TAMS 0x0000000097500000, 0x0000000097500000| Complete 
| 374|0x0000000097600000, 0x0000000097700000, 0x0000000097700000|100%| E|CS|TAMS 0x0000000097600000, 0x0000000097600000| Complete 
| 375|0x0000000097700000, 0x0000000097800000, 0x0000000097800000|100%| E|CS|TAMS 0x0000000097700000, 0x0000000097700000| Complete 
| 376|0x0000000097800000, 0x0000000097900000, 0x0000000097900000|100%| E|CS|TAMS 0x0000000097800000, 0x0000000097800000| Complete 
| 377|0x0000000097900000, 0x0000000097a00000, 0x0000000097a00000|100%| E|CS|TAMS 0x0000000097900000, 0x0000000097900000| Complete 
| 378|0x0000000097a00000, 0x0000000097b00000, 0x0000000097b00000|100%| E|CS|TAMS 0x0000000097a00000, 0x0000000097a00000| Complete 
| 379|0x0000000097b00000, 0x0000000097bb7450, 0x0000000097c00000| 71%| S|CS|TAMS 0x0000000097b00000, 0x0000000097b00000| Complete 
| 380|0x0000000097c00000, 0x0000000097d00000, 0x0000000097d00000|100%| S|CS|TAMS 0x0000000097c00000, 0x0000000097c00000| Complete 
| 381|0x0000000097d00000, 0x0000000097e00000, 0x0000000097e00000|100%| E|CS|TAMS 0x0000000097d00000, 0x0000000097d00000| Complete 
| 382|0x0000000097e00000, 0x0000000097f00000, 0x0000000097f00000|100%| E|CS|TAMS 0x0000000097e00000, 0x0000000097e00000| Complete 
| 383|0x0000000097f00000, 0x0000000098000000, 0x0000000098000000|100%| E|CS|TAMS 0x0000000097f00000, 0x0000000097f00000| Complete 
| 384|0x0000000098000000, 0x0000000098100000, 0x0000000098100000|100%| E|CS|TAMS 0x0000000098000000, 0x0000000098000000| Complete 
| 385|0x0000000098100000, 0x0000000098200000, 0x0000000098200000|100%| E|CS|TAMS 0x0000000098100000, 0x0000000098100000| Complete 
| 386|0x0000000098200000, 0x0000000098300000, 0x0000000098300000|100%| E|CS|TAMS 0x0000000098200000, 0x0000000098200000| Complete 
| 387|0x0000000098300000, 0x0000000098400000, 0x0000000098400000|100%| E|CS|TAMS 0x0000000098300000, 0x0000000098300000| Complete 
| 388|0x0000000098400000, 0x0000000098500000, 0x0000000098500000|100%| E|CS|TAMS 0x0000000098400000, 0x0000000098400000| Complete 
| 389|0x0000000098500000, 0x0000000098600000, 0x0000000098600000|100%| E|CS|TAMS 0x0000000098500000, 0x0000000098500000| Complete 
| 390|0x0000000098600000, 0x0000000098700000, 0x0000000098700000|100%| E|CS|TAMS 0x0000000098600000, 0x0000000098600000| Complete 
| 391|0x0000000098700000, 0x0000000098800000, 0x0000000098800000|100%| E|CS|TAMS 0x0000000098700000, 0x0000000098700000| Complete 
| 392|0x0000000098800000, 0x0000000098900000, 0x0000000098900000|100%| E|CS|TAMS 0x0000000098800000, 0x0000000098800000| Complete 
| 393|0x0000000098900000, 0x0000000098a00000, 0x0000000098a00000|100%| E|CS|TAMS 0x0000000098900000, 0x0000000098900000| Complete 
| 394|0x0000000098a00000, 0x0000000098b00000, 0x0000000098b00000|100%| E|CS|TAMS 0x0000000098a00000, 0x0000000098a00000| Complete 
| 395|0x0000000098b00000, 0x0000000098c00000, 0x0000000098c00000|100%| E|CS|TAMS 0x0000000098b00000, 0x0000000098b00000| Complete 
| 396|0x0000000098c00000, 0x0000000098d00000, 0x0000000098d00000|100%| E|CS|TAMS 0x0000000098c00000, 0x0000000098c00000| Complete 
| 397|0x0000000098d00000, 0x0000000098e00000, 0x0000000098e00000|100%| E|CS|TAMS 0x0000000098d00000, 0x0000000098d00000| Complete 
| 398|0x0000000098e00000, 0x0000000098f00000, 0x0000000098f00000|100%| E|CS|TAMS 0x0000000098e00000, 0x0000000098e00000| Complete 
|2047|0x00000000fff00000, 0x0000000100000000, 0x0000000100000000|100%| E|CS|TAMS 0x00000000fff00000, 0x00000000fff00000| Complete 

Card table byte_map: [0x0000024f990a0000,0x0000024f994a0000] _byte_map_base: 0x0000024f98ca0000

Marking Bits (Prev, Next): (CMBitMap*) 0x0000024f80626bc0, (CMBitMap*) 0x0000024f80626b80
 Prev Bits: [0x0000024f9b8a0000, 0x0000024f9d8a0000)
 Next Bits: [0x0000024f998a0000, 0x0000024f9b8a0000)

Polling page: 0x0000024f80690000

Metaspace:

Usage:
  Non-class:    118.15 MB used.
      Class:     18.13 MB used.
       Both:    136.28 MB used.

Virtual space:
  Non-class space:      128.00 MB reserved,     119.00 MB ( 93%) committed,  2 nodes.
      Class space:      416.00 MB reserved,      18.94 MB (  5%) committed,  1 nodes.
             Both:      544.00 MB reserved,     137.94 MB ( 25%) committed. 

Chunk freelists:
   Non-Class:  8.73 MB
       Class:  13.10 MB
        Both:  21.83 MB

MaxMetaspaceSize: 512.00 MB
CompressedClassSpaceSize: 416.00 MB
Initial GC threshold: 21.00 MB
Current GC threshold: 229.38 MB
CDS: on
MetaspaceReclaimPolicy: balanced
 - commit_granule_bytes: 65536.
 - commit_granule_words: 8192.
 - virtual_space_node_default_size: 8388608.
 - enlarge_chunks_in_place: 1.
 - new_chunks_are_fully_committed: 0.
 - uncommit_free_chunks: 1.
 - use_allocation_guard: 0.
 - handle_deallocations: 1.


Internal statistics:

num_allocs_failed_limit: 12.
num_arena_births: 3220.
num_arena_deaths: 490.
num_vsnodes_births: 3.
num_vsnodes_deaths: 0.
num_space_committed: 2205.
num_space_uncommitted: 0.
num_chunks_returned_to_freelist: 633.
num_chunks_taken_from_freelist: 9877.
num_chunk_merges: 248.
num_chunk_splits: 5901.
num_chunks_enlarged: 3297.
num_inconsistent_stats: 0.

CodeHeap 'non-profiled nmethods': size=120000Kb used=18575Kb max_used=18575Kb free=101425Kb
 bounds [0x0000024f90f20000, 0x0000024f92150000, 0x0000024f98450000]
CodeHeap 'profiled nmethods': size=120000Kb used=43492Kb max_used=43517Kb free=76507Kb
 bounds [0x0000024f89450000, 0x0000024f8bef0000, 0x0000024f90980000]
CodeHeap 'non-nmethods': size=5760Kb used=2544Kb max_used=2632Kb free=3215Kb
 bounds [0x0000024f90980000, 0x0000024f90c20000, 0x0000024f90f20000]
 total_blobs=23217 nmethods=22124 adapters=1003
 compilation: enabled
              stopped_count=0, restarted_count=0
 full_count=0

Compilation events (20 events):
Event: 9944.139 Thread 0x0000024fa0181500 27458       3       org.gradle.internal.service.DefaultServiceRegistry::setupParentServices (57 bytes)
Event: 9944.140 Thread 0x0000024fa0181500 nmethod 27458 0x0000024f8bb5d110 code [0x0000024f8bb5d300, 0x0000024f8bb5d9d8]
Event: 9944.140 Thread 0x0000024fa0181500 27457       3       org.gradle.api.tasks.util.PatternSet::excludeSpecs (11 bytes)
Event: 9944.140 Thread 0x0000024fa0181500 nmethod 27457 0x0000024f8bb5c990 code [0x0000024f8bb5cb80, 0x0000024f8bb5cf78]
Event: 9944.143 Thread 0x0000024fa0181500 27460       3       org.jetbrains.kotlin.gradle.utils.ProviderApiUtilsKt::filesProvider (60 bytes)
Event: 9944.145 Thread 0x0000024fa0181500 nmethod 27460 0x0000024f8ad99a10 code [0x0000024f8ad99f00, 0x0000024f8ad9c6d8]
Event: 9944.145 Thread 0x0000024fa0181500 27461       1       org.gradle.jvm.toolchain.internal.DefaultJavaLanguageVersion::asInt (5 bytes)
Event: 9944.145 Thread 0x0000024fa0181500 nmethod 27461 0x0000024f9213e490 code [0x0000024f9213e620, 0x0000024f9213e6f8]
Event: 9944.168 Thread 0x0000024fa0181500 27463       3       org.gradle.api.internal.provider.AbstractCollectingSupplier$1::visitContentProducerTasks (19 bytes)
Event: 9944.169 Thread 0x0000024fa0181500 nmethod 27463 0x0000024f8bb5b610 code [0x0000024f8bb5b880, 0x0000024f8bb5c508]
Event: 9944.169 Thread 0x0000024fa0181500 27464       3       org.gradle.api.internal.provider.AbstractCollectingSupplier$1$$Lambda$1891/0x0000024fa2b2a6f0::<init> (10 bytes)
Event: 9944.169 Thread 0x0000024fa0181500 nmethod 27464 0x0000024f8a24f910 code [0x0000024f8a24faa0, 0x0000024f8a24fc58]
Event: 9944.178 Thread 0x0000024fa0181500 27465       3       org.gradle.internal.component.local.model.DefaultLocalVariantGraphResolveState$OverrideComponentIdArtifactSetIdentifier::equals (63 bytes)
Event: 9944.179 Thread 0x0000024fa0181500 nmethod 27465 0x0000024f8bb5ad10 code [0x0000024f8bb5af00, 0x0000024f8bb5b4b8]
Event: 9944.192 Thread 0x0000024fa0180bf0 nmethod 27444 0x0000024f9213e790 code [0x0000024f9213eac0, 0x0000024f921418e0]
Event: 9944.192 Thread 0x0000024fa0180bf0 27459       4       org.gradle.api.internal.provider.AbstractMinimalProvider::calculateOwnPresentValue (32 bytes)
Event: 9944.193 Thread 0x0000024fa0180bf0 nmethod 27459 0x0000024f92142890 code [0x0000024f92142a20, 0x0000024f92142af8]
Event: 9944.193 Thread 0x0000024fa0180bf0 27453       4       org.gradle.api.internal.artifacts.ivyservice.ivyresolve.ErrorHandlingModuleComponentRepository::getName (10 bytes)
Event: 9944.194 Thread 0x0000024fa0180bf0 nmethod 27453 0x0000024f92142c10 code [0x0000024f92142da0, 0x0000024f92142eb8]
Event: 9944.194 Thread 0x0000024fa0180bf0 27448       4       java.net.URI$Parser::parse (243 bytes)

GC Heap History (20 events):
Event: 9100.734 GC heap before
{Heap before GC invocations=77 (full 0):
 garbage-first heap   total 409600K, used 336442K [0x0000000080000000, 0x0000000100000000)
  region size 1024K, 182 young (186368K), 2 survivors (2048K)
 Metaspace       used 132517K, committed 134144K, reserved 557056K
  class space    used 17744K, committed 18496K, reserved 425984K
}
Event: 9100.772 GC heap after
{Heap after GC invocations=78 (full 0):
 garbage-first heap   total 409600K, used 173937K [0x0000000080000000, 0x0000000100000000)
  region size 1024K, 22 young (22528K), 22 survivors (22528K)
 Metaspace       used 132517K, committed 134144K, reserved 557056K
  class space    used 17744K, committed 18496K, reserved 425984K
}
Event: 9103.863 GC heap before
{Heap before GC invocations=79 (full 0):
 garbage-first heap   total 409600K, used 337777K [0x0000000080000000, 0x0000000100000000)
  region size 1024K, 175 young (179200K), 22 survivors (22528K)
 Metaspace       used 132499K, committed 134208K, reserved 557056K
  class space    used 17663K, committed 18496K, reserved 425984K
}
Event: 9103.910 GC heap after
{Heap after GC invocations=80 (full 0):
 garbage-first heap   total 409600K, used 171917K [0x0000000080000000, 0x0000000100000000)
  region size 1024K, 5 young (5120K), 5 survivors (5120K)
 Metaspace       used 132499K, committed 134208K, reserved 557056K
  class space    used 17663K, committed 18496K, reserved 425984K
}
Event: 9105.660 GC heap before
{Heap before GC invocations=80 (full 0):
 garbage-first heap   total 409600K, used 379789K [0x0000000080000000, 0x0000000100000000)
  region size 1024K, 20 young (20480K), 5 survivors (5120K)
 Metaspace       used 132671K, committed 134208K, reserved 557056K
  class space    used 17684K, committed 18496K, reserved 425984K
}
Event: 9105.674 GC heap after
{Heap after GC invocations=81 (full 0):
 garbage-first heap   total 409600K, used 144592K [0x0000000080000000, 0x0000000100000000)
  region size 1024K, 2 young (2048K), 2 survivors (2048K)
 Metaspace       used 132671K, committed 134208K, reserved 557056K
  class space    used 17684K, committed 18496K, reserved 425984K
}
Event: 9164.172 GC heap before
{Heap before GC invocations=81 (full 0):
 garbage-first heap   total 409600K, used 163024K [0x0000000080000000, 0x0000000100000000)
  region size 1024K, 20 young (20480K), 2 survivors (2048K)
 Metaspace       used 132684K, committed 134272K, reserved 557056K
  class space    used 17684K, committed 18496K, reserved 425984K
}
Event: 9164.187 GC heap after
{Heap after GC invocations=82 (full 0):
 garbage-first heap   total 409600K, used 143980K [0x0000000080000000, 0x0000000100000000)
  region size 1024K, 2 young (2048K), 2 survivors (2048K)
 Metaspace       used 132684K, committed 134272K, reserved 557056K
  class space    used 17684K, committed 18496K, reserved 425984K
}
Event: 9226.633 GC heap before
{Heap before GC invocations=82 (full 0):
 garbage-first heap   total 409600K, used 335468K [0x0000000080000000, 0x0000000100000000)
  region size 1024K, 190 young (194560K), 2 survivors (2048K)
 Metaspace       used 133138K, committed 134720K, reserved 557056K
  class space    used 17686K, committed 18496K, reserved 425984K
}
Event: 9226.638 GC heap after
{Heap after GC invocations=83 (full 0):
 garbage-first heap   total 409600K, used 144503K [0x0000000080000000, 0x0000000100000000)
  region size 1024K, 3 young (3072K), 3 survivors (3072K)
 Metaspace       used 133138K, committed 134720K, reserved 557056K
  class space    used 17686K, committed 18496K, reserved 425984K
}
Event: 9232.186 GC heap before
{Heap before GC invocations=84 (full 0):
 garbage-first heap   total 409600K, used 340087K [0x0000000080000000, 0x0000000100000000)
  region size 1024K, 195 young (199680K), 3 survivors (3072K)
 Metaspace       used 139067K, committed 140736K, reserved 557056K
  class space    used 18519K, committed 19328K, reserved 425984K
}
Event: 9232.218 GC heap after
{Heap after GC invocations=85 (full 0):
 garbage-first heap   total 409600K, used 162124K [0x0000000080000000, 0x0000000100000000)
  region size 1024K, 20 young (20480K), 20 survivors (20480K)
 Metaspace       used 139067K, committed 140736K, reserved 557056K
  class space    used 18519K, committed 19328K, reserved 425984K
}
Event: 9232.224 GC heap before
{Heap before GC invocations=85 (full 0):
 garbage-first heap   total 409600K, used 163148K [0x0000000080000000, 0x0000000100000000)
  region size 1024K, 21 young (21504K), 20 survivors (20480K)
 Metaspace       used 139088K, committed 140736K, reserved 557056K
  class space    used 18521K, committed 19328K, reserved 425984K
}
Event: 9232.262 GC heap after
{Heap after GC invocations=86 (full 0):
 garbage-first heap   total 409600K, used 159770K [0x0000000080000000, 0x0000000100000000)
  region size 1024K, 2 young (2048K), 2 survivors (2048K)
 Metaspace       used 139088K, committed 140736K, reserved 557056K
  class space    used 18521K, committed 19328K, reserved 425984K
}
Event: 9232.748 GC heap before
{Heap before GC invocations=86 (full 0):
 garbage-first heap   total 409600K, used 163866K [0x0000000080000000, 0x0000000100000000)
  region size 1024K, 8 young (8192K), 2 survivors (2048K)
 Metaspace       used 139172K, committed 140864K, reserved 557056K
  class space    used 18537K, committed 19328K, reserved 425984K
}
Event: 9232.751 GC heap after
{Heap after GC invocations=87 (full 0):
 garbage-first heap   total 409600K, used 158463K [0x0000000080000000, 0x0000000100000000)
  region size 1024K, 1 young (1024K), 1 survivors (1024K)
 Metaspace       used 139172K, committed 140864K, reserved 557056K
  class space    used 18537K, committed 19328K, reserved 425984K
}
Event: 9667.581 GC heap before
{Heap before GC invocations=88 (full 0):
 garbage-first heap   total 409600K, used 331519K [0x0000000080000000, 0x0000000100000000)
  region size 1024K, 171 young (175104K), 1 survivors (1024K)
 Metaspace       used 139382K, committed 141056K, reserved 557056K
  class space    used 18557K, committed 19392K, reserved 425984K
}
Event: 9667.583 GC heap after
{Heap after GC invocations=89 (full 0):
 garbage-first heap   total 409600K, used 154141K [0x0000000080000000, 0x0000000100000000)
  region size 1024K, 1 young (1024K), 1 survivors (1024K)
 Metaspace       used 139382K, committed 141056K, reserved 557056K
  class space    used 18557K, committed 19392K, reserved 425984K
}
Event: 9942.869 GC heap before
{Heap before GC invocations=89 (full 0):
 garbage-first heap   total 409600K, used 172573K [0x0000000080000000, 0x0000000100000000)
  region size 1024K, 20 young (20480K), 1 survivors (1024K)
 Metaspace       used 139391K, committed 141056K, reserved 557056K
  class space    used 18557K, committed 19392K, reserved 425984K
}
Event: 9942.876 GC heap after
{Heap after GC invocations=90 (full 0):
 garbage-first heap   total 409600K, used 144843K [0x0000000080000000, 0x0000000100000000)
  region size 1024K, 2 young (2048K), 2 survivors (2048K)
 Metaspace       used 139391K, committed 141056K, reserved 557056K
  class space    used 18557K, committed 19392K, reserved 425984K
}

Deoptimization events (20 events):
Event: 9943.790 Thread 0x0000024fc1533350 Uncommon trap: trap_request=0xffffffd6 fr.pc=0x0000024f9158c0f4 relative=0x00000000000007b4
Event: 9943.790 Thread 0x0000024fc1533350 Uncommon trap: reason=array_check action=maybe_recompile pc=0x0000024f9158c0f4 method=java.util.ComparableTimSort.binarySort([Ljava/lang/Object;III)V @ 193 c2
Event: 9943.790 Thread 0x0000024fc1533350 DEOPT PACKING pc=0x0000024f9158c0f4 sp=0x000000f15e3f6c70
Event: 9943.791 Thread 0x0000024fc1533350 DEOPT UNPACKING pc=0x0000024f909d23a3 sp=0x000000f15e3f6c10 mode 2
Event: 9943.791 Thread 0x0000024fc1533350 Uncommon trap: trap_request=0xffffffd6 fr.pc=0x0000024f9158c1a8 relative=0x0000000000000868
Event: 9943.792 Thread 0x0000024fc1533350 Uncommon trap: reason=array_check action=maybe_recompile pc=0x0000024f9158c1a8 method=java.util.ComparableTimSort.binarySort([Ljava/lang/Object;III)V @ 183 c2
Event: 9943.792 Thread 0x0000024fc1533350 DEOPT PACKING pc=0x0000024f9158c1a8 sp=0x000000f15e3f8860
Event: 9943.792 Thread 0x0000024fc1533350 DEOPT UNPACKING pc=0x0000024f909d23a3 sp=0x000000f15e3f8800 mode 2
Event: 9944.233 Thread 0x0000024fc1533350 Uncommon trap: trap_request=0xffffffd6 fr.pc=0x0000024f9158c0f4 relative=0x00000000000007b4
Event: 9944.233 Thread 0x0000024fc1533350 Uncommon trap: reason=array_check action=maybe_recompile pc=0x0000024f9158c0f4 method=java.util.ComparableTimSort.binarySort([Ljava/lang/Object;III)V @ 193 c2
Event: 9944.233 Thread 0x0000024fc1533350 DEOPT PACKING pc=0x0000024f9158c0f4 sp=0x000000f15e3f63e0
Event: 9944.233 Thread 0x0000024fc1533350 DEOPT UNPACKING pc=0x0000024f909d23a3 sp=0x000000f15e3f6380 mode 2
Event: 9944.237 Thread 0x0000024fc1533350 Uncommon trap: trap_request=0xffffff76 fr.pc=0x0000024f9158b628 relative=0x0000000000000288
Event: 9944.237 Thread 0x0000024fc1533350 Uncommon trap: reason=predicate action=maybe_recompile pc=0x0000024f9158b628 method=java.util.ComparableTimSort.reverseRange([Ljava/lang/Object;II)V @ 5 c2
Event: 9944.237 Thread 0x0000024fc1533350 DEOPT PACKING pc=0x0000024f9158b628 sp=0x000000f15e3f7f40
Event: 9944.237 Thread 0x0000024fc1533350 DEOPT UNPACKING pc=0x0000024f909d23a3 sp=0x000000f15e3f7f10 mode 2
Event: 9944.237 Thread 0x0000024fc1533350 Uncommon trap: trap_request=0xffffffd6 fr.pc=0x0000024f9158d04c relative=0x000000000000080c
Event: 9944.237 Thread 0x0000024fc1533350 Uncommon trap: reason=array_check action=maybe_recompile pc=0x0000024f9158d04c method=java.util.ComparableTimSort.binarySort([Ljava/lang/Object;III)V @ 193 c2
Event: 9944.237 Thread 0x0000024fc1533350 DEOPT PACKING pc=0x0000024f9158d04c sp=0x000000f15e3f7fd0
Event: 9944.237 Thread 0x0000024fc1533350 DEOPT UNPACKING pc=0x0000024f909d23a3 sp=0x000000f15e3f7f70 mode 2

Classes unloaded (20 events):
Event: 9100.874 Thread 0x0000024fa0160290 Unloading class 0x0000024fa21e8400 'java/lang/invoke/LambdaForm$BMH+0x0000024fa21e8400'
Event: 9100.874 Thread 0x0000024fa0160290 Unloading class 0x0000024fa2114800 'java/lang/invoke/LambdaForm$DMH+0x0000024fa2114800'
Event: 9100.874 Thread 0x0000024fa0160290 Unloading class 0x0000024fa2114000 'java/lang/invoke/LambdaForm$DMH+0x0000024fa2114000'
Event: 9100.874 Thread 0x0000024fa0160290 Unloading class 0x0000024fa20e2000 'java/lang/invoke/LambdaForm$MH+0x0000024fa20e2000'
Event: 9100.874 Thread 0x0000024fa0160290 Unloading class 0x0000024fa20e1800 'java/lang/invoke/LambdaForm$MH+0x0000024fa20e1800'
Event: 9100.874 Thread 0x0000024fa0160290 Unloading class 0x0000024fa20e1400 'java/lang/invoke/LambdaForm$MH+0x0000024fa20e1400'
Event: 9100.874 Thread 0x0000024fa0160290 Unloading class 0x0000024fa20e1000 'java/lang/invoke/LambdaForm$MH+0x0000024fa20e1000'
Event: 9100.874 Thread 0x0000024fa0160290 Unloading class 0x0000024fa20e0c00 'java/lang/invoke/LambdaForm$MH+0x0000024fa20e0c00'
Event: 9100.874 Thread 0x0000024fa0160290 Unloading class 0x0000024fa20e0400 'java/lang/invoke/LambdaForm$MH+0x0000024fa20e0400'
Event: 9100.874 Thread 0x0000024fa0160290 Unloading class 0x0000024fa203c400 'java/lang/invoke/LambdaForm$DMH+0x0000024fa203c400'
Event: 9100.874 Thread 0x0000024fa0160290 Unloading class 0x0000024fa2036800 'java/lang/invoke/LambdaForm$MH+0x0000024fa2036800'
Event: 9100.874 Thread 0x0000024fa0160290 Unloading class 0x0000024fa2036400 'java/lang/invoke/LambdaForm$MH+0x0000024fa2036400'
Event: 9100.874 Thread 0x0000024fa0160290 Unloading class 0x0000024fa2034000 'java/lang/invoke/LambdaForm$MH+0x0000024fa2034000'
Event: 9226.729 Thread 0x0000024fa0160290 Unloading class 0x0000024fa31e6c00 'jdk/internal/reflect/GeneratedMethodAccessor226'
Event: 9232.853 Thread 0x0000024fa0160290 Unloading class 0x0000024fa32c3000 '_BuildScript_'
Event: 9232.853 Thread 0x0000024fa0160290 Unloading class 0x0000024fa32a9000 '_BuildScript_$_run_closure1$_closure4'
Event: 9232.853 Thread 0x0000024fa0160290 Unloading class 0x0000024fa32a0400 '_BuildScript_$_run_closure1$_closure3'
Event: 9232.853 Thread 0x0000024fa0160290 Unloading class 0x0000024fa32a8920 '_BuildScript_$_run_closure1$_closure2'
Event: 9232.853 Thread 0x0000024fa0160290 Unloading class 0x0000024fa32a8538 '_BuildScript_$_run_closure1'
Event: 9232.853 Thread 0x0000024fa0160290 Unloading class 0x0000024fa32a8000 '_BuildScript_'

Classes redefined (0 events):
No events

Internal exceptions (20 events):
Event: 9942.938 Thread 0x0000024fc1533350 Exception <a 'sun/nio/fs/WindowsException'{0x0000000098068210}> (0x0000000098068210) 
thrown [s\open\src\hotspot\share\prims\jni.cpp, line 516]
Event: 9942.939 Thread 0x0000024fc1533350 Exception <a 'sun/nio/fs/WindowsException'{0x000000009806b388}> (0x000000009806b388) 
thrown [s\open\src\hotspot\share\prims\jni.cpp, line 516]
Event: 9942.939 Thread 0x0000024fc1533350 Exception <a 'sun/nio/fs/WindowsException'{0x000000009806b5a0}> (0x000000009806b5a0) 
thrown [s\open\src\hotspot\share\prims\jni.cpp, line 516]
Event: 9942.939 Thread 0x0000024fc1533350 Exception <a 'sun/nio/fs/WindowsException'{0x000000009806f358}> (0x000000009806f358) 
thrown [s\open\src\hotspot\share\prims\jni.cpp, line 516]
Event: 9942.939 Thread 0x0000024fc1533350 Exception <a 'sun/nio/fs/WindowsException'{0x000000009806f570}> (0x000000009806f570) 
thrown [s\open\src\hotspot\share\prims\jni.cpp, line 516]
Event: 9943.705 Thread 0x0000024fc2c05de0 Exception <a 'sun/nio/fs/WindowsException'{0x00000000952f9160}> (0x00000000952f9160) 
thrown [s\open\src\hotspot\share\prims\jni.cpp, line 516]
Event: 9943.705 Thread 0x0000024fc2c05de0 Exception <a 'sun/nio/fs/WindowsException'{0x00000000952fb5a8}> (0x00000000952fb5a8) 
thrown [s\open\src\hotspot\share\prims\jni.cpp, line 516]
Event: 9943.706 Thread 0x0000024fc2c05de0 Exception <a 'sun/nio/fs/WindowsException'{0x00000000952fd950}> (0x00000000952fd950) 
thrown [s\open\src\hotspot\share\prims\jni.cpp, line 516]
Event: 9943.706 Thread 0x0000024fc2c05de0 Exception <a 'sun/nio/fs/WindowsException'{0x00000000952ff990}> (0x00000000952ff990) 
thrown [s\open\src\hotspot\share\prims\jni.cpp, line 516]
Event: 9943.707 Thread 0x0000024fc2c05de0 Exception <a 'sun/nio/fs/WindowsException'{0x0000000095109888}> (0x0000000095109888) 
thrown [s\open\src\hotspot\share\prims\jni.cpp, line 516]
Event: 9943.752 Thread 0x0000024fc2c062f0 Exception <a 'sun/nio/fs/WindowsException'{0x0000000094f86858}> (0x0000000094f86858) 
thrown [s\open\src\hotspot\share\prims\jni.cpp, line 516]
Event: 9943.753 Thread 0x0000024fc2c062f0 Exception <a 'sun/nio/fs/WindowsException'{0x0000000094f88ac8}> (0x0000000094f88ac8) 
thrown [s\open\src\hotspot\share\prims\jni.cpp, line 516]
Event: 9943.753 Thread 0x0000024fc2c062f0 Exception <a 'sun/nio/fs/WindowsException'{0x0000000094f8ac78}> (0x0000000094f8ac78) 
thrown [s\open\src\hotspot\share\prims\jni.cpp, line 516]
Event: 9943.753 Thread 0x0000024fc2c062f0 Exception <a 'sun/nio/fs/WindowsException'{0x0000000094f8cab0}> (0x0000000094f8cab0) 
thrown [s\open\src\hotspot\share\prims\jni.cpp, line 516]
Event: 9943.855 Thread 0x0000024fc1533350 Exception <a 'java/lang/ClassNotFoundException'{0x0000000094aa89a0}: build_74ywed2zrnyvvi6ouyw5dgfljBeanInfo> (0x0000000094aa89a0) 
thrown [s\open\src\hotspot\share\classfile\systemDictionary.cpp, line 256]
Event: 9943.857 Thread 0x0000024fc1533350 Exception <a 'java/lang/ClassNotFoundException'{0x0000000094aafed0}: build_74ywed2zrnyvvi6ouyw5dgfljCustomizer> (0x0000000094aafed0) 
thrown [s\open\src\hotspot\share\classfile\systemDictionary.cpp, line 256]
Event: 9944.166 Thread 0x0000024fc2c05de0 Exception <a 'sun/nio/fs/WindowsException'{0x0000000093d8e270}> (0x0000000093d8e270) 
thrown [s\open\src\hotspot\share\prims\jni.cpp, line 516]
Event: 9944.166 Thread 0x0000024fc2c05de0 Exception <a 'sun/nio/fs/WindowsException'{0x0000000093d90818}> (0x0000000093d90818) 
thrown [s\open\src\hotspot\share\prims\jni.cpp, line 516]
Event: 9944.167 Thread 0x0000024fc2c05de0 Exception <a 'sun/nio/fs/WindowsException'{0x0000000093d92d20}> (0x0000000093d92d20) 
thrown [s\open\src\hotspot\share\prims\jni.cpp, line 516]
Event: 9944.167 Thread 0x0000024fc2c05de0 Exception <a 'sun/nio/fs/WindowsException'{0x0000000093d94ea0}> (0x0000000093d94ea0) 
thrown [s\open\src\hotspot\share\prims\jni.cpp, line 516]

VM Operations (20 events):
Event: 9232.843 Executing VM operation: G1Concurrent
Event: 9232.878 Executing VM operation: G1Concurrent done
Event: 9232.929 Executing VM operation: G1Concurrent
Event: 9232.930 Executing VM operation: G1Concurrent done
Event: 9233.419 Executing VM operation: HandshakeAllThreads
Event: 9233.419 Executing VM operation: HandshakeAllThreads done
Event: 9234.425 Executing VM operation: Cleanup
Event: 9234.425 Executing VM operation: Cleanup done
Event: 9251.296 Executing VM operation: HandshakeAllThreads
Event: 9251.296 Executing VM operation: HandshakeAllThreads done
Event: 9311.417 Executing VM operation: HandshakeAllThreads
Event: 9311.417 Executing VM operation: HandshakeAllThreads done
Event: 9667.581 Executing VM operation: G1CollectForAllocation
Event: 9667.583 Executing VM operation: G1CollectForAllocation done
Event: 9942.676 Executing VM operation: Cleanup
Event: 9942.676 Executing VM operation: Cleanup done
Event: 9942.869 Executing VM operation: G1CollectForAllocation
Event: 9942.876 Executing VM operation: G1CollectForAllocation done
Event: 9943.880 Executing VM operation: Cleanup
Event: 9943.881 Executing VM operation: Cleanup done

Events (20 events):
Event: 9943.793 Thread 0x0000024fc3bcffe0 Thread added: 0x0000024fc3bcffe0
Event: 9943.793 Thread 0x0000024fa074efa0 Thread added: 0x0000024fa074efa0
Event: 9943.793 Thread 0x0000024fa074d650 Thread added: 0x0000024fa074d650
Event: 9943.794 Thread 0x0000024fa074c720 Thread added: 0x0000024fa074c720
Event: 9943.977 Thread 0x0000024fc2b0d090 Thread added: 0x0000024fc2b0d090
Event: 9944.147 Thread 0x0000024fa074f9c0 Thread added: 0x0000024fa074f9c0
Event: 9944.147 Thread 0x0000024fa074e070 Thread added: 0x0000024fa074e070
Event: 9944.148 Thread 0x0000024fa074db60 Thread added: 0x0000024fa074db60
Event: 9944.148 Thread 0x0000024fa074ea90 Thread added: 0x0000024fa074ea90
Event: 9944.148 Thread 0x0000024fa074e580 Thread added: 0x0000024fa074e580
Event: 9944.179 Thread 0x0000024fa07503e0 Thread added: 0x0000024fa07503e0
Event: 9944.179 Thread 0x0000024fa074cc30 Thread added: 0x0000024fa074cc30
Event: 9944.179 Thread 0x0000024fa0751d30 Thread added: 0x0000024fa0751d30
Event: 9944.179 Thread 0x0000024fa0753680 Thread added: 0x0000024fa0753680
Event: 9944.180 Thread 0x0000024fa0753b90 Thread added: 0x0000024fa0753b90
Event: 9944.238 Thread 0x0000024fa07508f0 Thread added: 0x0000024fa07508f0
Event: 9944.238 Thread 0x0000024fa0750e00 Thread added: 0x0000024fa0750e00
Event: 9944.238 Thread 0x0000024fa0751310 Thread added: 0x0000024fa0751310
Event: 9944.238 Thread 0x0000024fa0752c60 Thread added: 0x0000024fa0752c60
Event: 9944.238 Thread 0x0000024fc2b8ec00 Thread added: 0x0000024fc2b8ec00


Dynamic libraries:
0x00007ff69fb70000 - 0x00007ff69fb80000 	C:\Program Files\Java\jdk-17\bin\java.exe
0x00007ffaa6fe0000 - 0x00007ffaa7247000 	C:\WINDOWS\SYSTEM32\ntdll.dll
0x00007ffaa5f90000 - 0x00007ffaa6059000 	C:\WINDOWS\System32\KERNEL32.DLL
0x00007ffaa47c0000 - 0x00007ffaa4bb0000 	C:\WINDOWS\System32\KERNELBASE.dll
0x00007ffaa43b0000 - 0x00007ffaa44fb000 	C:\WINDOWS\System32\ucrtbase.dll
0x00007ffa9a3f0000 - 0x00007ffa9a409000 	C:\Program Files\Java\jdk-17\bin\jli.dll
0x00007ffa9a3d0000 - 0x00007ffa9a3eb000 	C:\Program Files\Java\jdk-17\bin\VCRUNTIME140.dll
0x00007ffaa6500000 - 0x00007ffaa65b4000 	C:\WINDOWS\System32\ADVAPI32.dll
0x00007ffaa5da0000 - 0x00007ffaa5e49000 	C:\WINDOWS\System32\msvcrt.dll
0x00007ffaa5ee0000 - 0x00007ffaa5f86000 	C:\WINDOWS\System32\sechost.dll
0x00007ffaa52c0000 - 0x00007ffaa53d8000 	C:\WINDOWS\System32\RPCRT4.dll
0x00007ffaa6a70000 - 0x00007ffaa6c35000 	C:\WINDOWS\System32\USER32.dll
0x00007ffaa4bc0000 - 0x00007ffaa4be7000 	C:\WINDOWS\System32\win32u.dll
0x00007ffa8e480000 - 0x00007ffa8e71a000 	C:\WINDOWS\WinSxS\amd64_microsoft.windows.common-controls_6595b64144ccf1df_6.0.26100.4768_none_3e0c112ce331287c\COMCTL32.dll
0x00007ffaa5b30000 - 0x00007ffaa5b5b000 	C:\WINDOWS\System32\GDI32.dll
0x00007ffaa4500000 - 0x00007ffaa4638000 	C:\WINDOWS\System32\gdi32full.dll
0x00007ffaa4110000 - 0x00007ffaa41b3000 	C:\WINDOWS\System32\msvcp_win.dll
0x00007ffa9de00000 - 0x00007ffa9de0b000 	C:\WINDOWS\SYSTEM32\VERSION.dll
0x00007ffaa5280000 - 0x00007ffaa52af000 	C:\WINDOWS\System32\IMM32.DLL
0x00007ffa9eec0000 - 0x00007ffa9eecc000 	C:\Program Files\Java\jdk-17\bin\vcruntime140_1.dll
0x00007ffa20f10000 - 0x00007ffa20f9e000 	C:\Program Files\Java\jdk-17\bin\msvcp140.dll
0x00007ffa1ffe0000 - 0x00007ffa20bc0000 	C:\Program Files\Java\jdk-17\bin\server\jvm.dll
0x00007ffaa5ed0000 - 0x00007ffaa5ed8000 	C:\WINDOWS\System32\PSAPI.DLL
0x00007ffa5a2a0000 - 0x00007ffa5a2aa000 	C:\WINDOWS\SYSTEM32\WSOCK32.dll
0x00007ffaa5200000 - 0x00007ffaa5274000 	C:\WINDOWS\System32\WS2_32.dll
0x00007ffa9c700000 - 0x00007ffa9c735000 	C:\WINDOWS\SYSTEM32\WINMM.dll
0x00007ffaa2e90000 - 0x00007ffaa2eab000 	C:\WINDOWS\SYSTEM32\kernel.appcore.dll
0x00007ffa99c40000 - 0x00007ffa99c4a000 	C:\Program Files\Java\jdk-17\bin\jimage.dll
0x00007ffa88080000 - 0x00007ffa882c1000 	C:\WINDOWS\SYSTEM32\DBGHELP.DLL
0x00007ffaa6610000 - 0x00007ffaa6995000 	C:\WINDOWS\System32\combase.dll
0x00007ffaa6c40000 - 0x00007ffaa6d20000 	C:\WINDOWS\System32\OLEAUT32.dll
0x00007ffa4dc20000 - 0x00007ffa4dc63000 	C:\WINDOWS\SYSTEM32\dbgcore.DLL
0x00007ffaa4310000 - 0x00007ffaa43a9000 	C:\WINDOWS\System32\bcryptPrimitives.dll
0x00007ffa1feb0000 - 0x00007ffa1febe000 	C:\Program Files\Java\jdk-17\bin\instrument.dll
0x00007ffa99c10000 - 0x00007ffa99c35000 	C:\Program Files\Java\jdk-17\bin\java.dll
0x00007ffa1ff00000 - 0x00007ffa1ffd7000 	C:\Program Files\Java\jdk-17\bin\jsvml.dll
0x00007ffaa53e0000 - 0x00007ffaa5b2d000 	C:\WINDOWS\System32\SHELL32.dll
0x00007ffaa4640000 - 0x00007ffaa47b3000 	C:\WINDOWS\System32\wintypes.dll
0x00007ffaa1d10000 - 0x00007ffaa2570000 	C:\WINDOWS\SYSTEM32\windows.storage.dll
0x00007ffaa6250000 - 0x00007ffaa6345000 	C:\WINDOWS\System32\SHCORE.dll
0x00007ffaa69a0000 - 0x00007ffaa6a0a000 	C:\WINDOWS\System32\shlwapi.dll
0x00007ffaa4030000 - 0x00007ffaa4059000 	C:\WINDOWS\SYSTEM32\profapi.dll
0x00007ffa20ed0000 - 0x00007ffa20ee8000 	C:\Program Files\Java\jdk-17\bin\zip.dll
0x00007ffa999b0000 - 0x00007ffa999c9000 	C:\Program Files\Java\jdk-17\bin\net.dll
0x00007ffa99750000 - 0x00007ffa9986e000 	C:\WINDOWS\SYSTEM32\WINHTTP.dll
0x00007ffaa3420000 - 0x00007ffaa348b000 	C:\WINDOWS\system32\mswsock.dll
0x00007ffa20ef0000 - 0x00007ffa20f06000 	C:\Program Files\Java\jdk-17\bin\nio.dll
0x00007ffa20ec0000 - 0x00007ffa20ed0000 	C:\Program Files\Java\jdk-17\bin\verify.dll
0x00007ffa1fed0000 - 0x00007ffa1fef7000 	C:\Users\admin\.gradle\native\1def1411415f61bf3af743bc5b6707747c0891f09f0c88961ee8f79bc544acac\windows-amd64\native-platform.dll
0x00007ffa1f940000 - 0x00007ffa1f9b8000 	C:\Users\admin\.gradle\native\0.2.7\x86_64-windows-gnu\gradle-fileevents.dll
0x00007ffa20eb0000 - 0x00007ffa20eba000 	C:\Program Files\Java\jdk-17\bin\management.dll
0x00007ffa20ea0000 - 0x00007ffa20eab000 	C:\Program Files\Java\jdk-17\bin\management_ext.dll
0x00007ffaa2880000 - 0x00007ffaa28b3000 	C:\WINDOWS\SYSTEM32\IPHLPAPI.DLL
0x00007ffaa5d10000 - 0x00007ffaa5d1a000 	C:\WINDOWS\System32\NSI.dll
0x00007ffa99980000 - 0x00007ffa9999f000 	C:\WINDOWS\SYSTEM32\dhcpcsvc6.DLL
0x00007ffa99950000 - 0x00007ffa99975000 	C:\WINDOWS\SYSTEM32\dhcpcsvc.DLL
0x00007ffaa2910000 - 0x00007ffaa2a36000 	C:\WINDOWS\SYSTEM32\DNSAPI.dll
0x00007ffaa36e0000 - 0x00007ffaa36fb000 	C:\WINDOWS\SYSTEM32\CRYPTSP.dll
0x00007ffaa2df0000 - 0x00007ffaa2e2b000 	C:\WINDOWS\system32\rsaenh.dll
0x00007ffaa34c0000 - 0x00007ffaa34eb000 	C:\WINDOWS\SYSTEM32\USERENV.dll
0x00007ffaa4000000 - 0x00007ffaa4026000 	C:\WINDOWS\SYSTEM32\bcrypt.dll
0x00007ffaa3700000 - 0x00007ffaa370c000 	C:\WINDOWS\SYSTEM32\CRYPTBASE.dll
0x00007ffa1f890000 - 0x00007ffa1f89e000 	C:\Program Files\Java\jdk-17\bin\sunmscapi.dll
0x00007ffaa4bf0000 - 0x00007ffaa4d67000 	C:\WINDOWS\System32\CRYPT32.dll
0x00007ffaa3900000 - 0x00007ffaa3930000 	C:\WINDOWS\SYSTEM32\ncrypt.dll
0x00007ffaa38b0000 - 0x00007ffaa38ef000 	C:\WINDOWS\SYSTEM32\NTASN1.dll
0x00007ffa04260000 - 0x00007ffa04268000 	C:\WINDOWS\system32\wshunix.dll
0x00007ffa9dca0000 - 0x00007ffa9dcab000 	C:\Windows\System32\rasadhlp.dll
0x00007ffa97ba0000 - 0x00007ffa97c26000 	C:\WINDOWS\System32\fwpuclnt.dll
0x00007ffaa2fc0000 - 0x00007ffaa2ff6000 	C:\WINDOWS\SYSTEM32\ntmarta.dll

dbghelp: loaded successfully - version: 4.0.5 - missing functions: none
symbol engine: initialized successfully - sym options: 0x614 - pdb path: .;C:\Program Files\Java\jdk-17\bin;C:\WINDOWS\SYSTEM32;C:\WINDOWS\WinSxS\amd64_microsoft.windows.common-controls_6595b64144ccf1df_6.0.26100.4768_none_3e0c112ce331287c;C:\Program Files\Java\jdk-17\bin\server;C:\Users\admin\.gradle\native\1def1411415f61bf3af743bc5b6707747c0891f09f0c88961ee8f79bc544acac\windows-amd64;C:\Users\admin\.gradle\native\0.2.7\x86_64-windows-gnu

VM Arguments:
jvm_args: --add-opens=java.base/java.lang=ALL-UNNAMED --add-opens=java.base/java.lang.invoke=ALL-UNNAMED --add-opens=java.base/java.util=ALL-UNNAMED --add-opens=java.prefs/java.util.prefs=ALL-UNNAMED --add-exports=jdk.compiler/com.sun.tools.javac.api=ALL-UNNAMED --add-exports=jdk.compiler/com.sun.tools.javac.util=ALL-UNNAMED --add-opens=java.base/java.util=ALL-UNNAMED --add-opens=java.prefs/java.util.prefs=ALL-UNNAMED --add-opens=java.base/java.nio.charset=ALL-UNNAMED --add-opens=java.base/java.net=ALL-UNNAMED --add-opens=java.base/java.util.concurrent.atomic=ALL-UNNAMED --add-opens=java.xml/javax.xml.namespace=ALL-UNNAMED -XX:MaxMetaspaceSize=512m -Xmx2048m -Dfile.encoding=windows-1251 -Duser.country=RU -Duser.language=ru -Duser.variant -javaagent:C:\Users\admin\.gradle\wrapper\dists\gradle-8.14.1-bin\baw1sv0jfoi8rxs14qo3h49cs\gradle-8.14.1\lib\agents\gradle-instrumentation-agent-8.14.1.jar 
java_command: org.gradle.launcher.daemon.bootstrap.GradleDaemon 8.14.1
java_class_path (initial): C:\Users\admin\.gradle\wrapper\dists\gradle-8.14.1-bin\baw1sv0jfoi8rxs14qo3h49cs\gradle-8.14.1\lib\gradle-daemon-main-8.14.1.jar
Launcher Type: SUN_STANDARD

[Global flags]
     intx CICompilerCount                          = 3                                         {product} {ergonomic}
   size_t CompressedClassSpaceSize                 = 436207616                                 {product} {ergonomic}
     uint ConcGCThreads                            = 2                                         {product} {ergonomic}
     uint G1ConcRefinementThreads                  = 6                                         {product} {ergonomic}
   size_t G1HeapRegionSize                         = 1048576                                   {product} {ergonomic}
    uintx GCDrainStackTargetSize                   = 64                                        {product} {ergonomic}
   size_t InitialHeapSize                          = 190840832                                 {product} {ergonomic}
   size_t MarkStackSize                            = 4194304                                   {product} {ergonomic}
   size_t MaxHeapSize                              = 2147483648                                {product} {command line}
   size_t MaxMetaspaceSize                         = 536870912                                 {product} {command line}
   size_t MaxNewSize                               = 1287651328                                {product} {ergonomic}
   size_t MinHeapDeltaBytes                        = 1048576                                   {product} {ergonomic}
   size_t MinHeapSize                              = 8388608                                   {product} {ergonomic}
    uintx NonNMethodCodeHeapSize                   = 5832780                                {pd product} {ergonomic}
    uintx NonProfiledCodeHeapSize                  = 122912730                              {pd product} {ergonomic}
    uintx ProfiledCodeHeapSize                     = 122912730                              {pd product} {ergonomic}
    uintx ReservedCodeCacheSize                    = 251658240                              {pd product} {ergonomic}
     bool SegmentedCodeCache                       = true                                      {product} {ergonomic}
   size_t SoftMaxHeapSize                          = 2147483648                             {manageable} {ergonomic}
     bool UseCompressedClassPointers               = true                           {product lp64_product} {ergonomic}
     bool UseCompressedOops                        = true                           {product lp64_product} {ergonomic}
     bool UseG1GC                                  = true                                      {product} {ergonomic}
     bool UseLargePagesIndividualAllocation        = false                                  {pd product} {ergonomic}

Logging:
Log output configuration:
 #0: stdout all=warning uptime,level,tags
 #1: stderr all=off uptime,level,tags

Environment Variables:
JAVA_HOME=C:\Program Files\Java\jdk-17
PATH=C:\Users\admin\Desktop\DeliveryApp\node_modules\.bin;C:\Users\admin\Desktop\DeliveryApp\node_modules\.bin;C:\Users\admin\Desktop\node_modules\.bin;C:\Users\admin\node_modules\.bin;C:\Users\node_modules\.bin;C:\node_modules\.bin;C:\Program Files\nodejs\node_modules\npm\node_modules\@npmcli\run-script\lib\node-gyp-bin;C:\Program Files\Common Files\Oracle\Java\javapath;C:\Program Files\Microsoft MPI\Bin\;C:\WINDOWS\system32;C:\WINDOWS;C:\WINDOWS\System32\Wbem;C:\WINDOWS\System32\WindowsPowerShell\v1.0\;C:\WINDOWS\System32\OpenSSH\;C:\Program Files\Microsoft SQL Server\Client SDK\ODBC\170\Tools\Binn\;C:\Program Files (x86)\Microsoft SQL Server\150\Tools\Binn\;C:\Program Files\Microsoft SQL Server\150\Tools\Binn\;C:\Program Files\Microsoft SQL Server\150\DTS\Binn\;C:\WINDOWS\system32;C:\WINDOWS;C:\WINDOWS\System32\Wbem;C:\WINDOWS\System32\WindowsPowerShell\v1.0\;C:\WINDOWS\System32\OpenSSH\;C:\Program Files\nodejs\;C:\Program Files\Git\cmd;C:\Users\admin\AppData\Local\Microsoft\WindowsApps;C:\Program Files\Azure Data Studio\bin;C:\Users\admin\Downloads\flutter\bin\cache\dart-sdk\bin;C:\Users\admin\Downloads\flutter\bin;C:\Users\admin\AppData\Local\Programs\Microsoft VS Code\bin;C:\Users\admin\AppData\Roaming\npm;C:\Users\admin\AppData\Local\Android\Sdk\emulator;C:\Users\admin\AppData\Local\Android\Sdk\tools;C:\Users\admin\AppData\Local\Android\Sdk\tools\bin;C:\Users\admin\AppData\Local\Android\Sdk\platform-tools;C:\Program Files\Java\jdk-17\bin;;c:\Users\admin\AppData\Roaming\Code\User\globalStorage\github.copilot-chat\debugCommand
USERNAME=admin
LANG=en_US.UTF-8
OS=Windows_NT
PROCESSOR_IDENTIFIER=AMD64 Family 23 Model 96 Stepping 1, AuthenticAMD



---------------  S Y S T E M  ---------------

OS:
 Windows 11 , 64 bit Build 26100 (10.0.26100.4768)
OS uptime: 0 days 2:48 hours
Hyper-V role detected

CPU: total 6 (initial active 6) (6 cores per cpu, 1 threads per core) family 23 model 96 stepping 1 microcode 0x8600103, cx8, cmov, fxsr, mmx, 3dnowpref, sse, sse2, sse3, ssse3, sse4a, sse4.1, sse4.2, popcnt, lzcnt, tsc, tscinvbit, avx, avx2, aes, clmul, bmi1, bmi2, adx, sha, fma, vzeroupper, clflush, clflushopt, hv

Memory: 4k page, system-wide physical 11645M (885M free)
TotalPageFile size 19837M (AvailPageFile size 6M)
current process WorkingSet (physical memory assigned to process): 438M, peak: 767M
current process commit charge ("private bytes"): 827M, peak: 849M

vm_info: Java HotSpot(TM) 64-Bit Server VM (17.0.12+8-LTS-286) for windows-amd64 JRE (17.0.12+8-LTS-286), built on Jun  5 2024 06:46:59 by "mach5one" with MS VC++ 17.6 (VS2022)

END.
